timestamp,state,score,pm1_0,pm2_5,pm4_0,pm10,sen55_humidity,sen55_temperature,voc,nox,co2,scd41_temperature,scd41_humidity,short_avg_pm1_0,short_avg_pm2_5,short_avg_pm4_0,short_avg_pm10,short_avg_sen55_humidity,short_avg_sen55_temperature,short_avg_voc,short_avg_nox,short_avg_co2,short_avg_scd41_temperature,short_avg_scd41_humidity,short_delta_pm1_0,short_delta_pm2_5,short_delta_pm4_0,short_delta_pm10,short_delta_sen55_humidity,short_delta_sen55_temperature,short_delta_voc,short_delta_nox,short_delta_co2,short_delta_scd41_temperature,short_delta_scd41_humidity,long_avg_pm1_0,long_avg_pm2_5,long_avg_pm4_0,long_avg_pm10,long_avg_sen55_humidity,long_avg_sen55_temperature,long_avg_voc,long_avg_nox,long_avg_co2,long_avg_scd41_temperature,long_avg_scd41_humidity,long_delta_pm1_0,long_delta_pm2_5,long_delta_pm4_0,long_delta_pm10,long_delta_sen55_humidity,long_delta_sen55_temperature,long_delta_voc,long_delta_nox,long_delta_co2,long_delta_scd41_temperature,long_delta_scd41_humidity,pm2_5_abs,pm2_5_long_delta,pm1_0_long_delta,pm2_5_spike,pm1_0_spike,pm2_5_short_vs_long,pm_ratio_criteria,voc_spike,pm_ratio2026-05-26 01:47:08,SMOKE,7,10.4,11.0,11.0,11.0,55.6,24.0,14.0,1.0,,,,8.9,9.3,9.3,9.3,55.6,24.0,14.0,1.0,,,,1.5,1.7,1.7,1.7,0.0,0.0,0.0,0.0,,,,7.2,7.5,7.5,7.5,55.5,24.0,14.0,1.0,,,,3.2,3.5,3.5,3.5,0.1,0.0,0.0,0.0,,,,True,True,True,True,False,True,False,False,0.95
2026-05-26 01:47:11,SMOKE,10,11.8,12.4,12.4,12.4,55.6,24.0,14.0,1.0,,,,9.0,9.4,9.4,9.4,55.6,24.0,14.0,1.0,,,,2.8,3.0,3.0,3.0,0.0,0.0,0.0,0.0,,,,7.2,7.5,7.5,7.5,55.5,24.0,14.0,1.0,,,,4.6,4.9,4.9,4.9,0.1,0.0,0.0,0.0,,,,True,True,True,True,True,True,True,False,0.95
2026-05-26 01:47:12,SMOKE,10,12.3,12.9,12.9,12.9,55.6,24.0,14.0,1.0,,,,9.2,9.7,9.7,9.7,55.6,24.0,14.0,1.0,,,,3.1,3.2,3.2,3.2,0.0,0.0,0.0,0.0,,,,7.2,7.5,7.5,7.5,55.5,24.0,14.0,1.0,,,,5.1,5.4,5.4,5.4,0.1,0.0,0.0,0.0,,,,True,True,True,True,True,True,True,False,0.95
2026-05-26 01:47:13,SMOKE,10,12.7,13.3,13.3,13.3,55.6,24.0,14.0,1.0,,,,9.5,10.0,10.0,10.0,55.6,24.0,14.0,1.0,,,,3.2,3.3,3.3,3.3,0.0,0.0,0.0,0.0,,,,7.2,7.5,7.5,7.5,55.5,24.0,14.0,1.0,,,,5.5,5.8,5.8,5.8,0.1,0.0,0.0,0.0,,,,True,True,True,True,True,True,True,False,0.95
2026-05-26 01:47:14,SMOKE,10,13.3,13.9,13.9,13.9,55.6,24.0,14.0,1.0,,,,9.8,10.3,10.3,10.3,55.6,24.0,14.0,1.0,,,,3.5,3.6,3.6,3.6,0.0,0.0,0.0,0.0,,,,7.2,7.6,7.6,7.6,55.5,24.0,14.0,1.0,,,,6.1,6.3,6.3,6.3,0.1,0.0,0.0,0.0,,,,True,True,True,True,True,True,True,False,0.96
2026-05-26 01:47:15,SMOKE,10,13.7,14.3,14.3,14.3,55.6,24.0,14.0,1.0,,,,10.1,10.6,10.6,10.6,55.6,24.0,14.0,1.0,,,,3.6,3.7,3.7,3.7,0.0,0.0,0.0,0.0,,,,7.2,7.6,7.6,7.6,55.5,24.0,14.0,1.0,,,,6.5,6.7,6.7,6.7,0.1,0.0,0.0,0.0,,,,True,True,True,True,True,True,True,False,0.96
2026-05-26 01:47:16,SMOKE,10,14.0,14.7,14.7,14.7,55.6,24.0,14.0,1.0,,,,10.5,11.0,11.0,11.0,55.6,24.0,14.0,1.0,,,,3.5,3.7,3.7,3.7,0.0,0.0,0.0,0.0,,,,7.2,7.6,7.6,7.6,55.5,24.0,14.0,1.0,,,,6.8,7.1,7.1,7.1,0.1,0.0,0.0,0.0,,,,True,True,True,True,True,True,True,False,0.95
2026-05-26 01:47:17,SMOKE,10,14.3,15.0,15.0,15.0,55.6,24.0,14.0,1.0,,,,10.8,11.4,11.4,11.4,55.6,24.0,14.0,1.0,,,,3.5,3.6,3.6,3.6,0.0,0.0,0.0,0.0,,,,7.3,7.6,7.6,7.6,55.5,24.0,14.0,1.0,,,,7.0,7.4,7.4,7.4,0.1,0.0,0.0,0.0,,,,True,True,True,True,True,True,True,False,0.95
2026-05-26 01:47:18,SMOKE,10,14.7,15.4,15.4,15.4,55.6,24.0,14.0,1.0,,,,11.2,11.8,11.8,11.8,55.6,24.0,14.0,1.0,,,,3.5,3.6,3.6,3.6,0.0,0.0,0.0,0.0,,,,7.3,7.6,7.6,7.6,55.5,24.0,14.0,1.0,,,,7.4,7.8,7.8,7.8,0.1,0.0,0.0,0.0,,,,True,True,True,True,True,True,True,False,0.95
2026-05-26 01:47:19,SMOKE,10,15.0,15.8,15.8,15.8,55.6,24.0,14.0,1.0,,,,11.7,12.2,12.2,12.2,55.6,24.0,14.0,1.0,,,,3.3,3.6,3.6,3.6,0.0,0.0,0.0,0.0,,,,7.3,7.7,7.7,7.7,55.5,24.0,14.0,1.0,,,,7.7,8.1,8.1,8.1,0.1,0.0,0.0,0.0,,,,True,True,True,True,True,True,True,False,0.95
2026-05-26 01:47:20,SMOKE,10,15.3,16.1,16.1,16.1,55.6,24.0,14.0,1.0,,,,12.1,12.7,12.7,12.7,55.6,24.0,14.0,1.0,,,,3.2,3.4,3.4,3.4,0.0,0.0,0.0,0.0,,,,7.3,7.7,7.7,7.7,55.5,24.0,14.0,1.0,,,,8.0,8.4,8.4,8.4,0.1,0.0,0.0,0.0,,,,True,True,True,True,True,True,True,False,0.95
2026-05-26 01:47:21,SMOKE,10,15.6,16.4,16.4,16.4,55.6,24.0,14.0,1.0,,,,12.6,13.2,13.2,13.2,55.6,24.0,14.0,1.0,,,,3.0,3.2,3.2,3.2,0.0,0.0,0.0,0.0,,,,7.4,7.7,7.7,7.7,55.5,24.0,14.0,1.0,,,,8.2,8.7,8.7,8.7,0.1,0.0,0.0,0.0,,,,True,True,True,True,True,True,True,False,0.95
2026-05-26 01:47:22,SMOKE,10,16.2,17.0,17.0,17.0,55.6,24.0,14.0,1.0,,,,13.0,13.7,13.7,13.7,55.6,24.0,14.0,1.0,,,,3.2,3.3,3.3,3.3,0.0,0.0,0.0,0.0,,,,7.4,7.8,7.8,7.8,55.5,24.0,14.0,1.0,,,,8.8,9.2,9.2,9.2,0.1,0.0,0.0,0.0,,,,True,True,True,True,True,True,True,False,0.95
2026-05-26 01:47:23,SMOKE,10,16.7,17.5,17.5,17.5,55.6,24.0,14.0,1.0,,,,13.5,14.2,14.2,14.2,55.6,24.0,14.0,1.0,,,,3.2,3.3,3.3,3.3,0.0,0.0,0.0,0.0,,,,7.4,7.8,7.8,7.8,55.6,24.0,14.0,1.0,,,,9.3,9.7,9.7,9.7,0.0,0.0,0.0,0.0,,,,True,True,True,True,True,True,True,False,0.95
2026-05-26 01:47:24,SMOKE,10,17.3,18.1,18.1,18.1,55.6,24.0,14.0,1.0,,,,14.0,14.7,14.7,14.7,55.6,24.0,14.0,1.0,,,,3.3,3.4,3.4,3.4,0.0,0.0,0.0,0.0,,,,7.4,7.8,7.8,7.8,55.6,24.0,14.0,1.0,,,,9.9,10.3,10.3,10.3,0.0,0.0,0.0,0.0,,,,True,True,True,True,True,True,True,False,0.96
2026-05-26 01:47:25,SMOKE,10,17.7,18.5,18.5,18.5,55.6,24.0,14.0,1.0,,,,14.5,15.2,15.2,15.2,55.6,24.0,14.0,1.0,,,,3.2,3.3,3.3,3.3,0.0,0.0,0.0,0.0,,,,7.5,7.8,7.8,7.8,55.6,24.0,14.0,1.0,,,,10.2,10.7,10.7,10.7,0.0,0.0,0.0,0.0,,,,True,True,True,True,True,True,True,False,0.96
2026-05-26 01:47:27,SMOKE,10,18.1,19.0,19.0,19.0,55.6,24.0,14.0,1.0,,,,14.9,15.6,15.6,15.6,55.6,24.0,14.0,1.0,,,,3.2,3.4,3.4,3.4,0.0,0.0,0.0,0.0,,,,7.5,7.9,7.9,7.9,55.6,24.0,14.0,1.0,,,,10.6,11.1,11.1,11.1,0.0,0.0,0.0,0.0,,,,True,True,True,True,True,True,True,False,0.95
2026-05-26 01:47:28,SMOKE,10,18.9,19.8,19.8,19.8,55.6,24.0,14.0,1.0,,,,15.3,16.1,16.1,16.1,55.6,24.0,14.0,1.0,,,,3.6,3.7,3.7,3.7,0.0,0.0,0.0,0.0,,,,7.6,7.9,7.9,7.9,55.6,24.0,14.0,1.0,,,,11.3,11.9,11.9,11.9,0.0,0.0,0.0,0.0,,,,True,True,True,True,True,True,True,False,0.95
2026-05-26 01:47:29,SMOKE,10,19.8,20.8,20.8,20.8,55.6,24.0,14.0,1.0,,,,15.8,16.5,16.5,16.5,55.6,24.0,14.0,1.0,,,,4.0,4.3,4.3,4.3,0.0,0.0,0.0,0.0,,,,7.6,8.0,8.0,8.0,55.6,24.0,14.0,1.0,,,,12.2,12.8,12.8,12.8,0.0,0.0,0.0,0.0,,,,True,True,True,True,True,True,True,False,0.95
2026-05-26 01:47:30,SMOKE,10,20.5,21.5,21.5,21.5,55.6,24.0,14.0,1.0,,,,16.2,17.0,17.0,17.0,55.6,24.0,14.0,1.0,,,,4.3,4.5,4.5,4.5,0.0,0.0,0.0,0.0,,,,7.6,8.0,8.0,8.0,55.6,24.0,14.0,1.0,,,,12.9,13.5,13.5,13.5,0.0,0.0,0.0,0.0,,,,True,True,True,True,True,True,True,False,0.95
2026-05-26 01:47:31,SMOKE,10,21.0,22.0,22.0,22.0,55.6,24.0,14.0,1.0,,,,16.7,17.5,17.5,17.5,55.6,24.0,14.0,1.0,,,,4.3,4.5,4.5,4.5,0.0,0.0,0.0,0.0,,,,7.7,8.1,8.1,8.1,55.6,24.0,14.0,1.0,,,,13.3,13.9,13.9,13.9,0.0,0.0,0.0,0.0,,,,True,True,True,True,True,True,True,False,0.95
2026-05-26 01:47:32,SMOKE,10,21.5,22.5,22.5,22.5,55.6,24.0,14.0,1.0,,,,17.2,18.1,18.1,18.1,55.6,24.0,14.0,1.0,,,,4.3,4.4,4.4,4.4,0.0,0.0,0.0,0.0,,,,7.7,8.1,8.1,8.1,55.6,24.0,14.0,1.0,,,,13.8,14.4,14.4,14.4,0.0,0.0,0.0,0.0,,,,True,True,True,True,True,True,True,False,0.96
2026-05-26 01:47:33,SMOKE,10,22.0,23.1,23.1,23.1,55.6,24.0,14.0,1.0,,,,17.7,18.6,18.6,18.6,55.6,24.0,14.0,1.0,,,,4.3,4.5,4.5,4.5,0.0,0.0,0.0,0.0,,,,7.8,8.1,8.1,8.1,55.6,24.0,14.0,1.0,,,,14.2,15.0,15.0,15.0,0.0,0.0,0.0,0.0,,,,True,True,True,True,True,True,True,False,0.95
2026-05-26 01:47:34,SMOKE,10,22.5,23.6,23.6,23.6,55.6,24.0,14.0,1.0,,,,18.3,19.2,19.2,19.2,55.6,24.0,14.0,1.0,,,,4.2,4.4,4.4,4.4,0.0,0.0,0.0,0.0,,,,7.8,8.2,8.2,8.2,55.6,24.0,14.0,1.0,,,,14.7,15.4,15.4,15.4,0.0,0.0,0.0,0.0,,,,True,True,True,True,True,True,True,False,0.95
2026-05-26 01:47:35,SMOKE,10,23.2,24.4,24.4,24.4,55.6,24.0,14.0,1.0,,,,18.8,19.7,19.7,19.7,55.6,24.0,14.0,1.0,,,,4.4,4.7,4.7,4.7,0.0,0.0,0.0,0.0,,,,7.9,8.3,8.3,8.3,55.6,24.0,14.0,1.0,,,,15.3,16.1,16.1,16.1,0.0,0.0,0.0,0.0,,,,True,True,True,True,True,True,True,False,0.95
2026-05-26 01:47:36,SMOKE,10,23.6,24.7,24.7,24.7,55.6,24.0,14.0,1.0,,,,19.4,20.3,20.3,20.3,55.6,24.0,14.0,1.0,,,,4.2,4.4,4.4,4.4,0.0,0.0,0.0,0.0,,,,7.9,8.3,8.3,8.3,55.6,24.0,14.0,1.0,,,,15.7,16.4,16.4,16.4,0.0,0.0,0.0,0.0,,,,True,True,True,True,True,True,True,False,0.96
2026-05-26 01:47:37,SMOKE,10,24.1,25.2,25.2,25.2,55.6,24.0,14.0,1.0,,,,19.9,20.9,20.9,20.9,55.6,24.0,14.0,1.0,,,,4.2,4.3,4.3,4.3,0.0,0.0,0.0,0.0,,,,8.0,8.4,8.4,8.4,55.6,24.0,14.0,1.0,,,,16.1,16.8,16.8,16.8,0.0,0.0,0.0,0.0,,,,True,True,True,True,True,True,True,False,0.96
2026-05-26 01:47:38,SMOKE,10,24.6,25.8,25.8,25.8,55.6,24.0,14.0,1.0,,,,20.5,21.5,21.5,21.5,55.6,24.0,14.0,1.0,,,,4.1,4.3,4.3,4.3,0.0,0.0,0.0,0.0,,,,8.0,8.4,8.4,8.4,55.6,24.0,14.0,1.0,,,,16.6,17.4,17.4,17.4,0.0,0.0,0.0,0.0,,,,True,True,True,True,True,True,True,False,0.95
2026-05-26 01:47:39,SMOKE,10,25.0,26.3,26.3,26.3,55.6,24.0,14.0,1.0,,,,21.1,22.1,22.1,22.1,55.6,24.0,14.0,1.0,,,,3.9,4.2,4.2,4.2,0.0,0.0,0.0,0.0,,,,8.1,8.5,8.5,8.5,55.6,24.0,14.0,1.0,,,,16.9,17.8,17.8,17.8,0.0,0.0,0.0,0.0,,,,True,True,True,True,True,True,True,False,0.95
2026-05-26 01:47:40,SMOKE,10,25.4,26.7,26.7,26.7,55.6,24.0,14.0,1.0,,,,21.6,22.7,22.7,22.7,55.6,24.0,14.0,1.0,,,,3.8,4.0,4.0,4.0,0.0,0.0,0.0,0.0,,,,8.2,8.6,8.6,8.6,55.6,24.0,14.0,1.0,,,,17.2,18.1,18.1,18.1,0.0,0.0,0.0,0.0,,,,True,True,True,True,True,True,True,False,0.95
2026-05-26 01:47:41,SMOKE,10,25.8,27.0,27.0,27.0,55.6,24.0,14.0,1.0,,,,22.2,23.2,23.2,23.2,55.6,24.0,14.0,1.0,,,,3.6,3.8,3.8,3.8,0.0,0.0,0.0,0.0,,,,8.2,8.6,8.6,8.6,55.6,24.0,14.0,1.0,,,,17.6,18.4,18.4,18.4,0.0,0.0,0.0,0.0,,,,True,True,True,True,True,True,True,False,0.96
2026-05-26 01:47:42,SMOKE,10,26.1,27.3,27.3,27.3,55.6,24.0,14.0,1.0,,,,22.7,23.8,23.8,23.8,55.6,24.0,14.0,1.0,,,,3.4,3.5,3.5,3.5,0.0,0.0,0.0,0.0,,,,8.3,8.7,8.7,8.7,55.6,24.0,14.0,1.0,,,,17.8,18.6,18.6,18.6,0.0,0.0,0.0,0.0,,,,True,True,True,True,True,True,True,False,0.96
2026-05-26 01:47:43,SMOKE,10,26.3,27.6,27.6,27.6,55.6,24.0,14.0,1.0,,,,23.2,24.3,24.3,24.3,55.6,24.0,14.0,1.0,,,,3.1,3.3,3.3,3.3,0.0,0.0,0.0,0.0,,,,8.3,8.7,8.7,8.7,55.6,24.0,14.0,1.0,,,,18.0,18.9,18.9,18.9,0.0,0.0,0.0,0.0,,,,True,True,True,True,True,True,True,False,0.95
2026-05-26 01:47:44,SMOKE,10,26.5,27.8,27.8,27.8,55.6,24.0,14.0,1.0,,,,23.7,24.8,24.8,24.8,55.6,24.0,14.0,1.0,,,,2.8,3.0,3.0,3.0,0.0,0.0,0.0,0.0,,,,8.4,8.8,8.8,8.8,55.6,24.0,14.0,1.0,,,,18.1,19.0,19.0,19.0,0.0,0.0,0.0,0.0,,,,True,True,True,True,True,True,True,False,0.95
2026-05-26 01:47:45,SMOKE,10,26.7,28.1,28.1,28.1,55.6,24.0,14.0,1.0,,,,24.1,25.3,25.3,25.3,55.6,24.0,14.0,1.0,,,,2.6,2.8,2.8,2.8,0.0,0.0,0.0,0.0,,,,8.5,8.9,8.9,8.9,55.6,24.0,14.0,1.0,,,,18.2,19.2,19.2,19.2,0.0,0.0,0.0,0.0,,,,True,True,True,True,True,True,True,False,0.95
2026-05-26 01:47:46,SMOKE,10,26.9,28.2,28.2,28.2,55.6,24.0,14.0,1.0,,,,24.5,25.7,25.7,25.7,55.6,24.0,14.0,1.0,,,,2.4,2.5,2.5,2.5,0.0,0.0,0.0,0.0,,,,8.5,9.0,9.0,9.0,55.6,24.0,14.0,1.0,,,,18.4,19.2,19.2,19.2,0.0,0.0,0.0,0.0,,,,True,True,True,True,True,True,True,False,0.95
2026-05-26 01:47:47,SMOKE,10,27.1,28.4,28.4,28.4,55.6,24.0,14.0,1.0,,,,24.9,26.1,26.1,26.1,55.6,24.0,14.0,1.0,,,,2.2,2.3,2.3,2.3,0.0,0.0,0.0,0.0,,,,8.6,9.0,9.0,9.0,55.6,24.0,14.0,1.0,,,,18.5,19.4,19.4,19.4,0.0,0.0,0.0,0.0,,,,True,True,True,True,True,True,True,False,0.95
2026-05-26 01:47:48,SMOKE,10,27.3,28.7,28.7,28.7,55.6,24.0,15.0,1.0,,,,25.3,26.5,26.5,26.5,55.6,24.0,14.0,1.0,,,,2.0,2.2,2.2,2.2,0.0,0.0,1.0,0.0,,,,8.7,9.1,9.1,9.1,55.6,24.0,14.0,1.0,,,,18.6,19.6,19.6,19.6,0.0,0.0,1.0,0.0,,,,True,True,True,True,True,True,True,False,0.95
2026-05-26 01:47:49,SMOKE,10,27.5,28.9,28.9,28.9,55.6,24.0,15.0,1.0,,,,25.6,26.9,26.9,26.9,55.6,24.0,14.1,1.0,,,,1.9,2.0,2.0,2.0,0.0,0.0,0.9,0.0,,,,8.7,9.2,9.2,9.2,55.6,24.0,14.0,1.0,,,,18.8,19.7,19.7,19.7,0.0,0.0,1.0,0.0,,,,True,True,True,True,True,True,True,False,0.95
2026-05-26 01:47:50,SMOKE,10,27.8,29.2,29.2,29.2,55.6,24.0,15.0,1.0,,,,25.9,27.2,27.2,27.2,55.6,24.0,14.1,1.0,,,,1.9,2.0,2.0,2.0,0.0,0.0,0.9,0.0,,,,8.8,9.2,9.2,9.2,55.6,24.0,14.0,1.0,,,,19.0,20.0,20.0,20.0,0.0,0.0,1.0,0.0,,,,True,True,True,True,True,True,True,False,0.95
2026-05-26 01:47:51,SMOKE,10,28.1,29.5,29.5,29.5,55.6,24.0,15.0,1.0,,,,26.2,27.5,27.5,27.5,55.6,24.0,14.2,1.0,,,,1.9,2.0,2.0,2.0,0.0,0.0,0.8,0.0,,,,8.9,9.3,9.3,9.3,55.6,24.0,14.0,1.0,,,,19.2,20.2,20.2,20.2,0.0,0.0,1.0,0.0,,,,True,True,True,True,True,True,True,False,0.95
2026-05-26 01:47:52,SMOKE,10,28.5,29.8,29.8,29.8,55.6,24.0,15.0,1.0,,,,26.5,27.8,27.8,27.8,55.6,24.0,14.3,1.0,,,,2.0,2.0,2.0,2.0,0.0,0.0,0.7,0.0,,,,8.9,9.4,9.4,9.4,55.6,24.0,14.0,1.0,,,,19.6,20.4,20.4,20.4,0.0,0.0,1.0,0.0,,,,True,True,True,True,True,True,True,False,0.96
2026-05-26 01:47:53,SMOKE,10,28.8,30.2,30.2,30.2,55.6,24.0,15.0,1.0,,,,26.8,28.1,28.1,28.1,55.6,24.0,14.4,1.0,,,,2.0,2.1,2.1,2.1,0.0,0.0,0.6,0.0,,,,9.0,9.5,9.5,9.5,55.6,24.0,14.0,1.0,,,,19.8,20.7,20.7,20.7,0.0,0.0,1.0,0.0,,,,True,True,True,True,True,True,True,False,0.95
2026-05-26 01:47:54,SMOKE,10,29.3,30.7,30.7,30.7,55.6,24.0,15.0,1.0,,,,27.1,28.4,28.4,28.4,55.6,24.0,14.4,1.0,,,,2.2,2.3,2.3,2.3,0.0,0.0,0.6,0.0,,,,9.1,9.5,9.5,9.5,55.6,24.0,14.0,1.0,,,,20.2,21.2,21.2,21.2,0.0,0.0,1.0,0.0,,,,True,True,True,True,True,True,True,False,0.95
2026-05-26 01:47:55,SMOKE,10,29.6,31.1,31.1,31.1,55.6,24.0,15.0,1.0,,,,27.3,28.7,28.7,28.7,55.6,24.0,14.5,1.0,,,,2.3,2.4,2.4,2.4,0.0,0.0,0.5,0.0,,,,9.2,9.6,9.6,9.6,55.6,24.0,14.0,1.0,,,,20.4,21.5,21.5,21.5,0.0,0.0,1.0,0.0,,,,True,True,True,True,True,True,True,False,0.95
2026-05-26 01:47:56,SMOKE,10,30.0,31.4,31.4,31.4,55.6,24.0,15.0,1.0,,,,27.6,29.0,29.0,29.0,55.6,24.0,14.6,1.0,,,,2.4,2.4,2.4,2.4,0.0,0.0,0.4,0.0,,,,9.2,9.7,9.7,9.7,55.6,24.0,14.0,1.0,,,,20.8,21.7,21.7,21.7,0.0,0.0,1.0,0.0,,,,True,True,True,True,True,True,True,False,0.96
2026-05-26 01:47:57,SMOKE,10,30.4,31.9,31.9,31.9,55.6,24.0,15.0,1.0,,,,27.9,29.3,29.3,29.3,55.6,24.0,14.6,1.0,,,,2.5,2.6,2.6,2.6,0.0,0.0,0.4,0.0,,,,9.3,9.8,9.8,9.8,55.6,24.0,14.0,1.0,,,,21.1,22.1,22.1,22.1,0.0,0.0,1.0,0.0,,,,True,True,True,True,True,True,True,False,0.95
2026-05-26 01:47:58,SMOKE,10,30.8,32.3,32.3,32.3,55.6,24.0,15.0,1.0,,,,28.2,29.6,29.6,29.6,55.6,24.0,14.7,1.0,,,,2.6,2.7,2.7,2.7,0.0,0.0,0.3,0.0,,,,9.4,9.8,9.8,9.8,55.6,24.0,14.0,1.0,,,,21.4,22.5,22.5,22.5,0.0,0.0,1.0,0.0,,,,True,True,True,True,True,True,True,False,0.95
2026-05-26 01:47:59,SMOKE,10,31.5,33.0,33.0,33.0,55.6,24.0,15.0,1.0,,,,28.5,29.9,29.9,29.9,55.6,24.0,14.8,1.0,,,,3.0,3.1,3.1,3.1,0.0,0.0,0.2,0.0,,,,9.5,9.9,9.9,9.9,55.6,24.0,14.0,1.0,,,,22.0,23.1,23.1,23.1,0.0,0.0,1.0,0.0,,,,True,True,True,True,True,True,True,False,0.95
2026-05-26 01:48:00,SMOKE,10,32.4,34.0,34.0,34.0,55.6,24.0,15.0,1.0,,,,28.8,30.2,30.2,30.2,55.6,24.0,14.9,1.0,,,,3.6,3.8,3.8,3.8,0.0,0.0,0.1,0.0,,,,9.5,10.0,10.0,10.0,55.6,24.0,14.0,1.0,,,,22.9,24.0,24.0,24.0,0.0,0.0,1.0,0.0,,,,True,True,True,True,True,True,True,False,0.95
2026-05-26 01:48:01,SMOKE,10,33.8,35.4,35.4,35.4,55.6,24.0,15.0,1.0,,,,29.2,30.6,30.6,30.6,55.6,24.0,14.9,1.0,,,,4.6,4.8,4.8,4.8,0.0,0.0,0.1,0.0,,,,9.6,10.1,10.1,10.1,55.6,24.0,14.0,1.0,,,,24.2,25.3,25.3,25.3,0.0,0.0,1.0,0.0,,,,True,True,True,True,True,True,True,False,0.95
2026-05-26 01:48:02,SMOKE,10,34.9,36.7,36.7,36.7,55.6,24.0,15.0,1.0,,,,29.7,31.1,31.1,31.1,55.6,24.0,15.0,1.0,,,,5.2,5.6,5.6,5.6,0.0,0.0,0.0,0.0,,,,9.7,10.2,10.2,10.2,55.6,24.0,14.0,1.0,,,,25.2,26.5,26.5,26.5,0.0,0.0,1.0,0.0,,,,True,True,True,True,True,True,True,False,0.95
2026-05-26 01:48:03,SMOKE,10,36.2,38.1,38.1,38.2,55.6,24.0,15.0,1.0,,,,30.2,31.7,31.7,31.7,55.6,24.0,15.0,1.0,,,,6.0,6.4,6.4,6.5,0.0,0.0,0.0,0.0,,,,9.8,10.3,10.3,10.3,55.6,24.0,14.1,1.0,,,,26.4,27.8,27.8,27.9,0.0,0.0,0.9,0.0,,,,True,True,True,True,True,True,True,False,0.95
2026-05-26 01:48:05,SMOKE,10,38.3,40.3,40.5,40.5,55.6,24.0,15.0,1.0,,,,30.9,32.4,32.4,32.4,55.6,24.0,15.0,1.0,,,,7.4,7.9,8.1,8.1,0.0,0.0,0.0,0.0,,,,9.9,10.4,10.4,10.4,55.6,24.0,14.1,1.0,,,,28.4,29.9,30.1,30.1,0.0,0.0,0.9,0.0,,,,True,True,True,True,True,True,True,False,0.95
2026-05-26 01:48:06,SMOKE,10,41.5,43.8,44.0,44.2,55.6,24.0,15.0,1.0,,,,31.6,33.2,33.2,33.2,55.6,24.0,15.0,1.0,,,,9.9,10.6,10.8,11.0,0.0,0.0,0.0,0.0,,,,10.0,10.5,10.5,10.5,55.6,24.0,14.1,1.0,,,,31.5,33.3,33.5,33.7,0.0,0.0,0.9,0.0,,,,True,True,True,True,True,True,True,False,0.95
2026-05-26 01:48:07,SMOKE,10,43.2,45.7,46.0,46.2,55.6,24.0,15.0,1.0,,,,32.6,34.2,34.2,34.2,55.6,24.0,15.0,1.0,,,,10.6,11.5,11.8,12.0,0.0,0.0,0.0,0.0,,,,10.1,10.6,10.6,10.6,55.6,24.0,14.1,1.0,,,,33.1,35.1,35.4,35.6,0.0,0.0,0.9,0.0,,,,True,True,True,True,True,True,True,False,0.95
2026-05-26 01:48:08,SMOKE,10,44.5,47.2,47.6,47.8,55.6,24.0,15.0,1.0,,,,33.6,35.3,35.4,35.4,55.6,24.0,15.0,1.0,,,,10.9,11.9,12.2,12.4,0.0,0.0,0.0,0.0,,,,10.3,10.8,10.8,10.8,55.6,24.0,14.1,1.0,,,,34.2,36.4,36.8,37.0,0.0,0.0,0.9,0.0,,,,True,True,True,True,True,True,True,False,0.94
2026-05-26 01:48:09,SMOKE,10,45.9,48.7,49.2,49.4,55.6,24.0,15.0,1.0,,,,34.7,36.5,36.6,36.7,55.6,24.0,15.0,1.0,,,,11.2,12.2,12.6,12.7,0.0,0.0,0.0,0.0,,,,10.4,10.9,10.9,10.9,55.6,24.0,14.1,1.0,,,,35.5,37.8,38.3,38.5,0.0,0.0,0.9,0.0,,,,True,True,True,True,True,True,True,False,0.94
2026-05-26 01:48:10,SMOKE,10,46.9,49.8,50.3,50.6,55.6,24.0,15.0,1.0,,,,35.9,37.8,37.9,38.0,55.6,24.0,15.0,1.0,,,,11.0,12.0,12.4,12.6,0.0,0.0,0.0,0.0,,,,10.5,11.0,11.0,11.1,55.6,24.0,14.1,1.0,,,,36.4,38.8,39.3,39.5,0.0,0.0,0.9,0.0,,,,True,True,True,True,True,True,True,False,0.94
2026-05-26 01:48:11,SMOKE,10,47.6,50.6,51.2,51.5,55.6,24.0,15.0,1.0,,,,37.2,39.2,39.3,39.4,55.6,24.0,15.0,1.0,,,,10.4,11.4,11.9,12.1,0.0,0.0,0.0,0.0,,,,10.7,11.2,11.2,11.2,55.6,24.0,14.1,1.0,,,,36.9,39.4,40.0,40.3,0.0,0.0,0.9,0.0,,,,True,True,True,True,True,True,True,False,0.94
2026-05-26 01:48:12,SMOKE,10,48.1,51.0,51.5,51.7,55.6,24.0,15.0,1.0,,,,38.4,40.5,40.7,40.8,55.6,24.0,15.0,1.0,,,,9.7,10.5,10.8,10.9,0.0,0.0,0.0,0.0,,,,10.8,11.3,11.3,11.3,55.6,24.0,14.1,1.0,,,,37.3,39.7,40.2,40.4,0.0,0.0,0.9,0.0,,,,True,True,True,True,True,True,True,False,0.94
2026-05-26 01:48:13,SMOKE,10,48.4,51.2,51.6,51.8,55.6,24.0,15.0,1.0,,,,39.7,41.9,42.1,42.2,55.6,24.0,15.0,1.0,,,,8.7,9.3,9.5,9.6,0.0,0.0,0.0,0.0,,,,10.9,11.5,11.5,11.5,55.6,24.0,14.1,1.0,,,,37.5,39.7,40.1,40.3,0.0,0.0,0.9,0.0,,,,True,True,True,True,True,True,True,False,0.95
2026-05-26 01:48:14,SMOKE,10,48.6,51.5,51.9,52.2,55.6,24.0,15.0,1.0,,,,40.9,43.2,43.5,43.6,55.6,24.0,15.0,1.0,,,,7.7,8.3,8.4,8.6,0.0,0.0,0.0,0.0,,,,11.1,11.6,11.6,11.6,55.6,24.0,14.1,1.0,,,,37.5,39.9,40.3,40.6,0.0,0.0,0.9,0.0,,,,True,True,True,True,True,True,True,False,0.94
2026-05-26 01:48:15,SMOKE,10,48.8,51.6,52.0,52.1,55.6,24.0,15.0,1.0,,,,42.2,44.6,44.9,45.0,55.6,24.0,15.0,1.0,,,,6.6,7.0,7.1,7.1,0.0,0.0,0.0,0.0,,,,11.2,11.8,11.8,11.8,55.6,24.0,14.1,1.0,,,,37.6,39.8,40.2,40.3,0.0,0.0,0.9,0.0,,,,True,True,True,True,True,True,True,False,0.95
2026-05-26 01:48:16,SMOKE,10,48.9,51.6,51.9,52.1,55.6,24.0,15.0,1.0,,,,43.3,45.8,46.1,46.3,55.6,24.0,15.0,1.0,,,,5.6,5.8,5.8,5.8,0.0,0.0,0.0,0.0,,,,11.3,11.9,11.9,11.9,55.6,24.0,14.1,1.0,,,,37.6,39.7,40.0,40.2,0.0,0.0,0.9,0.0,,,,True,True,True,True,True,True,True,False,0.95
2026-05-26 01:48:17,SMOKE,10,49.3,52.0,52.2,52.3,55.6,24.0,15.0,1.0,,,,44.4,47.0,47.3,47.5,55.6,24.0,15.0,1.0,,,,4.9,5.0,4.9,4.8,0.0,0.0,0.0,0.0,,,,11.5,12.1,12.1,12.1,55.6,24.0,14.1,1.0,,,,37.8,39.9,40.1,40.2,0.0,0.0,0.9,0.0,,,,True,True,True,True,True,True,True,False,0.95
2026-05-26 01:48:18,SMOKE,10,50.2,52.8,52.9,53.0,55.6,24.0,15.0,1.0,,,,45.4,48.1,48.4,48.6,55.6,24.0,15.0,1.0,,,,4.8,4.7,4.5,4.4,0.0,0.0,0.0,0.0,,,,11.6,12.2,12.2,12.2,55.6,24.0,14.1,1.0,,,,38.6,40.6,40.7,40.8,0.0,0.0,0.9,0.0,,,,True,True,True,True,True,True,True,False,0.95
2026-05-26 01:48:19,SMOKE,10,50.6,53.2,53.3,53.4,55.6,24.0,15.0,1.0,,,,46.4,49.1,49.5,49.7,55.6,24.0,15.0,1.0,,,,4.2,4.1,3.8,3.7,0.0,0.0,0.0,0.0,,,,11.8,12.4,12.4,12.4,55.6,24.0,14.1,1.0,,,,38.8,40.8,40.9,41.0,0.0,0.0,0.9,0.0,,,,True,True,True,True,True,True,True,False,0.95
2026-05-26 01:48:20,SMOKE,10,51.0,53.6,53.7,53.8,55.6,24.0,15.0,1.0,,,,47.3,50.1,50.4,50.6,55.6,24.0,15.0,1.0,,,,3.7,3.5,3.3,3.2,0.0,0.0,0.0,0.0,,,,11.9,12.5,12.5,12.6,55.6,24.0,14.1,1.0,,,,39.1,41.1,41.2,41.2,0.0,0.0,0.9,0.0,,,,True,True,True,True,True,True,True,False,0.95
2026-05-26 01:48:21,SMOKE,10,51.5,54.2,54.3,54.4,55.6,24.0,15.0,1.0,,,,48.0,50.8,51.1,51.3,55.6,24.0,15.0,1.0,,,,3.5,3.4,3.2,3.1,0.0,0.0,0.0,0.0,,,,12.1,12.7,12.7,12.7,55.6,24.0,14.1,1.0,,,,39.4,41.5,41.6,41.7,0.0,0.0,0.9,0.0,,,,True,True,True,True,True,True,True,False,0.95
2026-05-26 01:48:22,SMOKE,10,52.1,54.9,55.1,55.2,55.6,24.0,15.0,1.0,,,,48.6,51.4,51.7,51.9,55.6,24.0,15.0,1.0,,,,3.5,3.5,3.4,3.3,0.0,0.0,0.0,0.0,,,,12.2,12.8,12.9,12.9,55.6,24.0,14.1,1.0,,,,39.9,42.1,42.2,42.3,0.0,0.0,0.9,0.0,,,,True,True,True,True,True,True,True,False,0.95
2026-05-26 01:48:23,SMOKE,10,52.5,55.4,55.7,55.9,55.6,24.0,15.0,1.0,,,,49.1,51.9,52.2,52.4,55.6,24.0,15.0,1.0,,,,3.4,3.5,3.5,3.5,0.0,0.0,0.0,0.0,,,,12.4,13.0,13.0,13.0,55.6,24.0,14.1,1.0,,,,40.1,42.4,42.7,42.9,0.0,0.0,0.9,0.0,,,,True,True,True,True,True,True,True,False,0.95
2026-05-26 01:48:24,SMOKE,10,52.9,55.9,56.3,56.4,55.6,24.0,15.0,1.0,,,,49.6,52.4,52.7,52.9,55.6,24.0,15.0,1.0,,,,3.3,3.5,3.6,3.5,0.0,0.0,0.0,0.0,,,,12.5,13.2,13.2,13.2,55.6,24.0,14.1,1.0,,,,40.4,42.7,43.1,43.2,0.0,0.0,0.9,0.0,,,,True,True,True,True,True,True,True,False,0.95
2026-05-26 01:48:25,SMOKE,10,53.2,56.2,56.6,56.8,55.6,24.0,15.0,1.0,,,,50.0,52.8,53.1,53.3,55.6,24.0,15.0,1.0,,,,3.2,3.4,3.5,3.5,0.0,0.0,0.0,0.0,,,,12.7,13.3,13.3,13.4,55.6,24.0,14.1,1.0,,,,40.5,42.9,43.3,43.4,0.0,0.0,0.9,0.0,,,,True,True,True,True,True,True,True,False,0.95
2026-05-26 01:48:26,SMOKE,10,53.4,56.5,57.0,57.2,55.6,24.0,15.0,1.0,,,,50.4,53.2,53.5,53.6,55.6,24.0,15.0,1.0,,,,3.0,3.3,3.5,3.6,0.0,0.0,0.0,0.0,,,,12.8,13.5,13.5,13.5,55.6,24.0,14.1,1.0,,,,40.6,43.0,43.5,43.7,0.0,0.0,0.9,0.0,,,,True,True,True,True,True,True,True,False,0.95
2026-05-26 01:48:27,SMOKE,10,53.6,56.8,57.4,57.6,55.6,24.0,15.0,1.0,,,,50.8,53.6,53.9,54.0,55.6,24.0,15.0,1.0,,,,2.8,3.2,3.5,3.6,0.0,0.0,0.0,0.0,,,,13.0,13.6,13.7,13.7,55.6,24.0,14.1,1.0,,,,40.6,43.2,43.7,43.9,0.0,0.0,0.9,0.0,,,,True,True,True,True,True,True,True,False,0.94
2026-05-26 01:48:28,SMOKE,10,53.8,57.2,57.8,58.1,55.6,24.0,15.0,1.0,,,,51.2,54.0,54.3,54.5,55.6,24.0,15.0,1.0,,,,2.6,3.2,3.5,3.6,0.0,0.0,0.0,0.0,,,,13.1,13.8,13.8,13.9,55.6,24.0,14.1,1.0,,,,40.7,43.4,44.0,44.2,0.0,0.0,0.9,0.0,,,,True,True,True,True,True,True,True,False,0.94
2026-05-26 01:48:29,SMOKE,10,54.2,57.7,58.3,58.6,55.6,24.0,15.0,1.0,,,,51.6,54.4,54.7,54.9,55.6,24.0,15.0,1.0,,,,2.6,3.3,3.6,3.7,0.0,0.0,0.0,0.0,,,,13.3,14.0,14.0,14.0,55.6,24.0,14.1,1.0,,,,40.9,43.7,44.3,44.6,0.0,0.0,0.9,0.0,,,,True,True,True,True,True,True,True,False,0.94
2026-05-26 01:48:30,SMOKE,10,54.7,58.2,58.9,59.2,55.6,24.0,15.0,1.0,,,,51.9,54.9,55.2,55.3,55.6,24.0,15.0,1.0,,,,2.8,3.3,3.7,3.9,0.0,0.0,0.0,0.0,,,,13.5,14.1,14.2,14.2,55.6,24.0,14.1,1.0,,,,41.2,44.1,44.7,45.0,0.0,0.0,0.9,0.0,,,,True,True,True,True,True,True,True,False,0.94
2026-05-26 01:48:31,SMOKE,10,55.1,58.6,59.4,59.7,55.6,24.0,15.0,1.0,,,,52.4,55.3,55.7,55.9,55.6,24.0,15.0,1.0,,,,2.7,3.3,3.7,3.8,0.0,0.0,0.0,0.0,,,,13.6,14.3,14.4,14.4,55.6,24.0,14.1,1.0,,,,41.5,44.3,45.0,45.3,0.0,0.0,0.9,0.0,,,,True,True,True,True,True,True,True,False,0.94
2026-05-26 01:48:32,SMOKE,10,55.5,59.2,60.0,60.4,55.6,24.0,15.0,1.0,,,,52.8,55.8,56.2,56.4,55.6,24.0,15.0,1.0,,,,2.7,3.4,3.8,4.0,0.0,0.0,0.0,0.0,,,,13.8,14.5,14.5,14.5,55.6,24.0,14.1,1.0,,,,41.7,44.7,45.5,45.9,0.0,0.0,0.9,0.0,,,,True,True,True,True,True,True,True,False,0.94
2026-05-26 01:48:33,SMOKE,10,56.4,60.2,61.0,61.4,55.6,24.0,15.0,1.0,,,,53.1,56.3,56.7,56.9,55.6,24.0,15.0,1.0,,,,3.3,3.9,4.3,4.5,0.0,0.0,0.0,0.0,,,,13.9,14.7,14.7,14.7,55.6,24.0,14.1,1.0,,,,42.5,45.5,46.3,46.7,0.0,0.0,0.9,0.0,,,,True,True,True,True,True,True,True,False,0.94
2026-05-26 01:48:34,SMOKE,10,57.2,61.1,62.0,62.4,55.6,24.0,15.0,1.0,,,,53.6,56.8,57.2,57.5,55.6,24.0,15.0,1.0,,,,3.6,4.3,4.8,4.9,0.0,0.0,0.0,0.0,,,,14.1,14.8,14.9,14.9,55.6,24.0,14.2,1.0,,,,43.1,46.3,47.1,47.5,0.0,0.0,0.8,0.0,,,,True,True,True,True,True,True,True,False,0.94
2026-05-26 01:48:35,SMOKE,10,58.3,62.3,63.3,63.7,55.6,24.0,15.0,1.0,,,,54.0,57.3,57.8,58.1,55.6,24.0,15.0,1.0,,,,4.3,5.0,5.5,5.6,0.0,0.0,0.0,0.0,,,,14.3,15.0,15.1,15.1,55.6,24.0,14.2,1.0,,,,44.0,47.3,48.2,48.6,0.0,0.0,0.8,0.0,,,,True,True,True,True,True,True,True,False,0.94
2026-05-26 01:48:36,SMOKE,10,59.2,63.2,64.2,64.7,55.6,24.0,15.0,1.0,,,,54.5,57.9,58.5,58.8,55.6,24.0,15.0,1.0,,,,4.7,5.3,5.7,5.9,0.0,0.0,0.0,0.0,,,,14.4,15.2,15.3,15.3,55.6,24.0,14.2,1.0,,,,44.8,48.0,48.9,49.4,0.0,0.0,0.8,0.0,,,,True,True,True,True,True,True,True,False,0.94
2026-05-26 01:48:37,SMOKE,10,60.2,64.4,65.4,65.9,55.6,24.0,15.0,1.0,,,,55.0,58.5,59.1,59.4,55.6,24.0,15.0,1.0,,,,5.2,5.9,6.3,6.5,0.0,0.0,0.0,0.0,,,,14.6,15.4,15.4,15.5,55.6,24.0,14.2,1.0,,,,45.6,49.0,50.0,50.4,0.0,0.0,0.8,0.0,,,,True,True,True,True,True,True,True,False,0.93
2026-05-26 01:48:38,SMOKE,10,61.0,65.3,66.4,67.0,55.6,24.0,15.0,1.0,,,,55.6,59.1,59.8,60.1,55.6,24.0,15.0,1.0,,,,5.4,6.2,6.6,6.9,0.0,0.0,0.0,0.0,,,,14.8,15.6,15.6,15.7,55.6,24.0,14.2,1.0,,,,46.2,49.7,50.8,51.3,0.0,0.0,0.8,0.0,,,,True,True,True,True,True,True,True,False,0.93
2026-05-26 01:48:39,SMOKE,10,61.6,65.9,67.1,67.6,55.6,24.0,15.0,1.0,,,,56.1,59.8,60.6,60.9,55.6,24.0,15.0,1.0,,,,5.5,6.1,6.5,6.7,0.0,0.0,0.0,0.0,,,,15.0,15.8,15.8,15.9,55.6,24.0,14.2,1.0,,,,46.6,50.1,51.3,51.7,0.0,0.0,0.8,0.0,,,,True,True,True,True,True,True,True,False,0.93
2026-05-26 01:48:40,SMOKE,10,62.1,66.5,67.7,68.2,55.6,24.0,15.0,1.0,,,,56.7,60.5,61.3,61.7,55.6,24.0,15.0,1.0,,,,5.4,6.0,6.4,6.5,0.0,0.0,0.0,0.0,,,,15.2,16.0,16.0,16.1,55.6,24.0,14.2,1.0,,,,46.9,50.5,51.7,52.1,0.0,0.0,0.8,0.0,,,,True,True,True,True,True,True,True,False,0.93
2026-05-26 01:48:41,SMOKE,10,62.7,67.1,68.3,68.9,55.6,24.0,15.0,1.0,,,,57.4,61.2,62.1,62.5,55.6,24.0,15.0,1.0,,,,5.3,5.9,6.2,6.4,0.0,0.0,0.0,0.0,,,,15.3,16.2,16.2,16.3,55.6,24.0,14.2,1.0,,,,47.4,50.9,52.1,52.6,0.0,0.0,0.8,0.0,,,,True,True,True,True,True,True,True,False,0.93
2026-05-26 01:48:43,SMOKE,10,63.1,67.6,68.8,69.4,55.6,24.0,15.0,1.0,,,,58.0,61.9,62.8,63.3,55.6,24.0,15.0,1.0,,,,5.1,5.7,6.0,6.1,0.0,0.0,0.0,0.0,,,,15.5,16.4,16.4,16.5,55.6,24.0,14.2,1.0,,,,47.6,51.2,52.4,52.9,0.0,0.0,0.8,0.0,,,,True,True,True,True,True,True,True,False,0.93
2026-05-26 01:48:44,SMOKE,10,63.5,68.0,69.3,69.9,55.6,24.0,15.0,1.0,,,,58.7,62.7,63.6,64.1,55.6,24.0,15.0,1.0,,,,4.8,5.3,5.7,5.8,0.0,0.0,0.0,0.0,,,,15.7,16.6,16.7,16.7,55.6,24.0,14.2,1.0,,,,47.8,51.4,52.6,53.2,0.0,0.0,0.8,0.0,,,,True,True,True,True,True,True,True,False,0.93
2026-05-26 01:48:45,SMOKE,10,63.9,68.5,69.8,70.4,55.6,24.0,15.0,1.0,,,,59.3,63.4,64.4,64.9,55.6,24.0,15.0,1.0,,,,4.6,5.1,5.4,5.5,0.0,0.0,0.0,0.0,,,,15.9,16.8,16.9,16.9,55.6,24.0,14.2,1.0,,,,48.0,51.7,52.9,53.5,0.0,0.0,0.8,0.0,,,,True,True,True,True,True,True,True,False,0.93
2026-05-26 01:48:46,SMOKE,10,64.4,69.1,70.3,71.0,55.6,24.0,15.0,1.0,,,,60.0,64.1,65.2,65.7,55.6,24.0,15.0,1.0,,,,4.4,5.0,5.1,5.3,0.0,0.0,0.0,0.0,,,,16.1,17.0,17.1,17.1,55.6,24.0,14.2,1.0,,,,48.3,52.1,53.2,53.9,0.0,0.0,0.8,0.0,,,,True,True,True,True,True,True,True,False,0.93
2026-05-26 01:48:47,SMOKE,10,64.8,69.5,70.8,71.4,55.6,24.0,15.0,1.0,,,,60.6,64.9,66.0,66.5,55.6,24.0,15.0,1.0,,,,4.2,4.6,4.8,4.9,0.0,0.0,0.0,0.0,,,,16.3,17.2,17.3,17.3,55.6,24.0,14.2,1.0,,,,48.5,52.3,53.5,54.1,0.0,0.0,0.8,0.0,,,,True,True,True,True,True,True,True,False,0.93
2026-05-26 01:48:48,SMOKE,10,65.3,70.0,71.3,72.0,55.6,24.0,15.0,1.0,,,,61.3,65.6,66.7,67.3,55.6,24.0,15.0,1.0,,,,4.0,4.4,4.6,4.7,0.0,0.0,0.0,0.0,,,,16.5,17.4,17.5,17.5,55.6,24.0,14.2,1.0,,,,48.8,52.6,53.8,54.5,0.0,0.0,0.8,0.0,,,,True,True,True,True,True,True,True,False,0.93
2026-05-26 01:48:49,SMOKE,10,65.8,70.6,71.9,72.6,55.6,24.0,15.0,1.0,,,,61.9,66.3,67.5,68.0,55.6,24.0,15.0,1.0,,,,3.9,4.3,4.4,4.6,0.0,0.0,0.0,0.0,,,,16.7,17.6,17.7,17.8,55.6,24.0,14.2,1.0,,,,49.1,53.0,54.2,54.8,0.0,0.0,0.8,0.0,,,,True,True,True,True,True,True,True,False,0.93
2026-05-26 01:48:50,SMOKE,10,66.2,71.1,72.4,73.1,55.6,24.0,15.0,1.0,,,,62.6,67.0,68.2,68.8,55.6,24.0,15.0,1.0,,,,3.6,4.1,4.2,4.3,0.0,0.0,0.0,0.0,,,,16.9,17.8,17.9,18.0,55.6,24.0,14.2,1.0,,,,49.3,53.3,54.5,55.1,0.0,0.0,0.8,0.0,,,,True,True,True,True,True,True,True,False,0.93
2026-05-26 01:48:51,SMOKE,10,66.7,71.7,73.0,73.7,55.6,24.0,15.0,1.0,,,,63.1,67.6,68.8,69.4,55.6,24.0,15.0,1.0,,,,3.6,4.1,4.2,4.3,0.0,0.0,0.0,0.0,,,,17.1,18.0,18.1,18.2,55.6,24.0,14.2,1.0,,,,49.6,53.7,54.9,55.5,0.0,0.0,0.8,0.0,,,,True,True,True,True,True,True,True,False,0.93
2026-05-26 01:48:52,SMOKE,10,67.1,72.1,73.6,74.3,55.6,24.0,15.0,1.0,,,,63.7,68.2,69.5,70.1,55.6,24.0,15.0,1.0,,,,3.4,3.9,4.1,4.2,0.0,0.0,0.0,0.0,,,,17.3,18.2,18.4,18.4,55.6,24.0,14.2,1.0,,,,49.8,53.9,55.2,55.9,0.0,0.0,0.8,0.0,,,,True,True,True,True,True,True,True,False,0.93
2026-05-26 01:48:53,SMOKE,10,67.3,72.4,73.8,74.5,55.6,24.0,15.0,1.0,,,,64.2,68.8,70.0,70.7,55.6,24.0,15.0,1.0,,,,3.1,3.6,3.8,3.8,0.0,0.0,0.0,0.0,,,,17.5,18.5,18.6,18.6,55.6,24.0,14.2,1.0,,,,49.8,53.9,55.2,55.9,0.0,0.0,0.8,0.0,,,,True,True,True,True,True,True,True,False,0.93
2026-05-26 01:48:54,SMOKE,10,67.3,72.4,73.9,74.7,55.6,24.0,15.0,1.0,,,,64.6,69.3,70.6,71.2,55.6,24.0,15.0,1.0,,,,2.7,3.1,3.3,3.5,0.0,0.0,0.0,0.0,,,,17.7,18.7,18.8,18.9,55.6,24.0,14.2,1.0,,,,49.6,53.7,55.1,55.8,0.0,0.0,0.8,0.0,,,,True,True,True,True,True,True,True,False,0.93
2026-05-26 01:48:55,SMOKE,10,67.3,72.5,74.0,74.8,55.6,24.0,15.0,1.0,,,,65.0,69.8,71.1,71.7,55.6,24.0,15.0,1.0,,,,2.3,2.7,2.9,3.1,0.0,0.0,0.0,0.0,,,,17.9,18.9,19.0,19.1,55.6,24.0,14.2,1.0,,,,49.4,53.6,55.0,55.7,0.0,0.0,0.8,0.0,,,,True,True,True,True,True,True,True,False,0.93
2026-05-26 01:48:56,SMOKE,10,67.2,72.4,74.0,74.8,55.6,24.0,16.0,1.0,,,,65.4,70.2,71.5,72.2,55.6,24.0,15.0,1.0,,,,1.8,2.2,2.5,2.6,0.0,0.0,1.0,0.0,,,,18.1,19.1,19.2,19.3,55.6,24.0,14.2,1.0,,,,49.1,53.3,54.8,55.5,0.0,0.0,1.8,0.0,,,,True,True,True,True,True,True,True,False,0.93
2026-05-26 01:48:57,SMOKE,10,67.0,72.2,73.8,74.6,55.6,24.0,16.0,1.0,,,,65.7,70.6,71.9,72.6,55.6,24.0,15.1,1.0,,,,1.3,1.6,1.9,2.0,0.0,0.0,0.9,0.0,,,,18.3,19.3,19.5,19.5,55.6,24.0,14.2,1.0,,,,48.7,52.9,54.3,55.1,0.0,0.0,1.8,0.0,,,,True,True,True,True,True,True,True,False,0.93
2026-05-26 01:48:58,SMOKE,10,66.7,71.9,73.5,74.4,55.6,24.0,16.0,1.0,,,,66.0,70.9,72.3,73.0,55.6,24.0,15.1,1.0,,,,0.7,1.0,1.2,1.4,0.0,0.0,0.9,0.0,,,,18.5,19.6,19.7,19.8,55.6,24.0,14.2,1.0,,,,48.2,52.3,53.8,54.6,0.0,0.0,1.8,0.0,,,,True,True,True,True,True,True,True,False,0.93
2026-05-26 01:48:59,SMOKE,10,66.4,71.7,73.3,74.1,55.6,24.0,16.0,1.0,,,,66.2,71.2,72.6,73.3,55.6,24.0,15.2,1.0,,,,0.2,0.5,0.7,0.8,0.0,0.0,0.8,0.0,,,,18.7,19.8,19.9,20.0,55.6,24.0,14.2,1.0,,,,47.7,51.9,53.4,54.1,0.0,0.0,1.8,0.0,,,,True,True,True,True,True,True,True,False,0.93
2026-05-26 01:49:00,SMOKE,10,66.2,71.4,73.0,73.9,55.6,24.0,16.0,1.0,,,,66.4,71.4,72.8,73.6,55.6,24.0,15.3,1.0,,,,-0.2,0.0,0.2,0.3,0.0,0.0,0.7,0.0,,,,18.9,20.0,20.1,20.2,55.6,24.0,14.2,1.0,,,,47.3,51.4,52.9,53.7,0.0,0.0,1.8,0.0,,,,True,True,True,True,True,True,True,False,0.93
2026-05-26 01:49:01,SMOKE,10,65.4,70.6,72.3,73.1,55.6,24.0,16.0,1.0,,,,66.5,71.6,73.0,73.8,55.6,24.0,15.4,1.0,,,,-1.1,-1.0,-0.7,-0.7,0.0,0.0,0.6,0.0,,,,19.1,20.2,20.4,20.4,55.6,24.0,14.3,1.0,,,,46.3,50.4,51.9,52.7,0.0,0.0,1.7,0.0,,,,True,True,True,True,True,True,True,False,0.93
2026-05-26 01:49:02,SMOKE,10,65.0,70.2,71.9,72.7,55.6,24.0,16.0,1.0,,,,66.6,71.6,73.1,73.9,55.6,24.0,15.4,1.0,,,,-1.6,-1.4,-1.2,-1.2,0.0,0.0,0.6,0.0,,,,19.3,20.4,20.6,20.7,55.6,24.0,14.3,1.0,,,,45.7,49.8,51.3,52.0,0.0,0.0,1.7,0.0,,,,True,True,True,True,True,True,True,False,0.93
2026-05-26 01:49:03,SMOKE,10,64.5,69.7,71.4,72.2,55.6,24.0,16.0,1.0,,,,66.5,71.7,73.2,74.0,55.6,24.0,15.5,1.0,,,,-2.0,-2.0,-1.8,-1.8,0.0,0.0,0.5,0.0,,,,19.5,20.6,20.8,20.9,55.6,24.0,14.3,1.0,,,,45.0,49.1,50.6,51.3,0.0,0.0,1.7,0.0,,,,True,True,True,True,True,True,True,False,0.93
2026-05-26 01:49:04,SMOKE,10,64.1,69.3,71.0,71.8,55.6,24.0,16.0,1.0,,,,66.5,71.6,73.1,73.9,55.6,24.0,15.6,1.0,,,,-2.4,-2.3,-2.1,-2.1,0.0,0.0,0.4,0.0,,,,19.7,20.8,21.0,21.1,55.6,24.0,14.3,1.0,,,,44.4,48.5,50.0,50.7,0.0,0.0,1.7,0.0,,,,True,True,True,True,True,True,True,False,0.92
2026-05-26 01:49:05,SMOKE,10,63.7,68.9,70.5,71.4,55.6,24.0,16.0,1.0,,,,66.3,71.5,73.0,73.8,55.6,24.0,15.6,1.0,,,,-2.6,-2.6,-2.5,-2.4,0.0,0.0,0.4,0.0,,,,19.9,21.0,21.2,21.3,55.6,24.0,14.3,1.0,,,,43.8,47.9,49.3,50.1,0.0,0.0,1.7,0.0,,,,True,True,True,True,True,True,True,False,0.92
2026-05-26 01:49:06,SMOKE,10,63.4,68.5,70.2,71.1,55.6,24.0,16.0,1.0,,,,66.1,71.3,72.9,73.7,55.6,24.0,15.7,1.0,,,,-2.7,-2.8,-2.7,-2.6,0.0,0.0,0.3,0.0,,,,20.1,21.3,21.4,21.5,55.6,24.0,14.3,1.0,,,,43.3,47.2,48.8,49.6,0.0,0.0,1.7,0.0,,,,True,True,True,True,True,True,True,False,0.93
2026-05-26 01:49:07,SMOKE,10,63.1,68.3,70.0,70.9,55.6,24.0,16.0,1.0,,,,65.8,71.0,72.6,73.4,55.6,24.0,15.8,1.0,,,,-2.7,-2.7,-2.6,-2.5,0.0,0.0,0.2,0.0,,,,20.2,21.5,21.6,21.7,55.6,24.0,14.3,1.0,,,,42.9,46.8,48.4,49.2,0.0,0.0,1.7,0.0,,,,True,True,True,True,True,True,True,False,0.92
2026-05-26 01:49:08,SMOKE,10,62.9,68.2,69.9,70.8,55.6,24.0,16.0,1.0,,,,65.5,70.7,72.3,73.2,55.6,24.0,15.9,1.0,,,,-2.6,-2.5,-2.4,-2.4,0.0,0.0,0.1,0.0,,,,20.4,21.7,21.9,22.0,55.6,24.0,14.3,1.0,,,,42.5,46.5,48.0,48.8,0.0,0.0,1.7,0.0,,,,True,True,True,True,True,True,True,False,0.92
2026-05-26 01:49:09,SMOKE,10,62.8,68.1,69.9,70.8,55.6,24.0,16.0,1.0,,,,65.2,70.4,72.1,72.9,55.6,24.0,15.9,1.0,,,,-2.4,-2.3,-2.2,-2.1,0.0,0.0,0.1,0.0,,,,20.6,21.9,22.1,22.2,55.6,24.0,14.3,1.0,,,,42.2,46.2,47.8,48.6,0.0,0.0,1.7,0.0,,,,True,True,True,True,True,True,True,False,0.92
2026-05-26 01:49:10,SMOKE,10,62.7,68.0,69.8,70.7,55.6,24.0,16.0,1.0,,,,64.9,70.1,71.8,72.6,55.6,24.0,16.0,1.0,,,,-2.2,-2.1,-2.0,-1.9,0.0,0.0,0.0,0.0,,,,20.8,22.1,22.3,22.4,55.6,24.0,14.3,1.0,,,,41.9,45.9,47.5,48.3,0.0,0.0,1.7,0.0,,,,True,True,True,True,True,True,True,False,0.92
2026-05-26 01:49:11,SMOKE,10,62.6,67.8,69.7,70.6,55.6,24.0,16.0,1.0,,,,64.6,69.8,71.5,72.3,55.6,24.0,16.0,1.0,,,,-2.0,-2.0,-1.8,-1.7,0.0,0.0,0.0,0.0,,,,21.0,22.3,22.5,22.6,55.6,24.0,14.3,1.0,,,,41.6,45.5,47.2,48.0,0.0,0.0,1.7,0.0,,,,True,True,True,True,True,True,True,False,0.92
2026-05-26 01:49:12,SMOKE,10,62.5,67.9,69.8,70.7,55.6,24.0,16.0,1.0,,,,64.2,69.5,71.2,72.0,55.6,24.0,16.0,1.0,,,,-1.7,-1.6,-1.4,-1.3,0.0,0.0,0.0,0.0,,,,21.2,22.5,22.7,22.8,55.6,24.0,14.3,1.0,,,,41.3,45.4,47.1,47.9,0.0,0.0,1.7,0.0,,,,True,True,True,True,True,True,True,False,0.92
2026-05-26 01:49:13,SMOKE,10,62.5,67.9,69.8,70.8,55.6,24.0,16.0,1.0,,,,63.9,69.2,70.9,71.8,55.6,24.0,16.0,1.0,,,,-1.4,-1.3,-1.1,-1.0,0.0,0.0,0.0,0.0,,,,21.4,22.7,22.9,23.0,55.6,24.0,14.3,1.0,,,,41.1,45.2,46.9,47.8,0.0,0.0,1.7,0.0,,,,True,True,True,True,True,True,True,False,0.92
2026-05-26 01:49:14,SMOKE,10,62.5,67.9,69.9,70.9,55.6,24.0,16.0,1.0,,,,63.7,68.9,70.7,71.5,55.6,24.0,16.0,1.0,,,,-1.2,-1.0,-0.8,-0.6,0.0,0.0,0.0,0.0,,,,21.6,22.9,23.1,23.2,55.6,24.0,14.3,1.0,,,,40.9,45.0,46.8,47.7,0.0,0.0,1.7,0.0,,,,True,True,True,True,True,True,True,False,0.92
2026-05-26 01:49:15,SMOKE,9,62.5,68.0,69.9,70.9,55.6,24.0,16.0,1.0,,,,63.4,68.7,70.4,71.3,55.6,24.0,16.0,1.0,,,,-0.9,-0.7,-0.5,-0.4,0.0,0.0,0.0,0.0,,,,21.7,23.1,23.3,23.4,55.6,24.0,14.3,1.0,,,,40.8,44.9,46.6,47.5,0.0,0.0,1.7,0.0,,,,True,True,True,True,True,True,False,False,0.92
2026-05-26 01:49:16,SMOKE,10,62.4,67.8,69.8,70.8,55.6,24.0,16.0,1.0,,,,63.2,68.5,70.3,71.2,55.6,24.0,16.0,1.0,,,,-0.8,-0.7,-0.5,-0.4,0.0,0.0,0.0,0.0,,,,21.9,23.3,23.5,23.7,55.6,24.0,14.4,1.0,,,,40.5,44.5,46.3,47.1,0.0,0.0,1.6,0.0,,,,True,True,True,True,True,True,True,False,0.92
2026-05-26 01:49:17,SMOKE,9,62.3,67.8,69.8,70.8,55.6,24.0,16.0,1.0,,,,63.0,68.3,70.1,71.0,55.6,24.0,16.0,1.0,,,,-0.7,-0.5,-0.3,-0.2,0.0,0.0,0.0,0.0,,,,22.1,23.5,23.8,23.9,55.6,24.0,14.4,1.0,,,,40.2,44.3,46.0,46.9,0.0,0.0,1.6,0.0,,,,True,True,True,True,True,True,False,False,0.92
2026-05-26 01:49:18,SMOKE,9,62.2,67.7,69.8,70.8,55.6,24.0,16.0,1.0,,,,62.9,68.2,70.0,70.9,55.6,24.0,16.0,1.0,,,,-0.7,-0.5,-0.2,-0.1,0.0,0.0,0.0,0.0,,,,22.3,23.7,24.0,24.1,55.6,24.0,14.4,1.0,,,,39.9,44.0,45.8,46.7,0.0,0.0,1.6,0.0,,,,True,True,True,True,True,True,False,False,0.92
2026-05-26 01:49:19,SMOKE,9,62.0,67.5,69.6,70.6,55.6,24.0,16.0,1.0,,,,62.7,68.1,69.9,70.9,55.6,24.0,16.0,1.0,,,,-0.7,-0.6,-0.3,-0.3,0.0,0.0,0.0,0.0,,,,22.5,23.9,24.2,24.3,55.6,24.0,14.4,1.0,,,,39.5,43.6,45.4,46.3,0.0,0.0,1.6,0.0,,,,True,True,True,True,True,True,False,False,0.92
2026-05-26 01:49:21,SMOKE,9,61.9,67.4,69.5,70.6,55.6,24.0,16.0,1.0,,,,62.6,68.0,69.8,70.8,55.6,24.0,16.0,1.0,,,,-0.7,-0.6,-0.3,-0.2,0.0,0.0,0.0,0.0,,,,22.7,24.1,24.4,24.5,55.6,24.0,14.4,1.0,,,,39.2,43.3,45.1,46.1,0.0,0.0,1.6,0.0,,,,True,True,True,True,True,True,False,False,0.92
2026-05-26 01:49:22,SMOKE,9,61.7,67.2,69.3,70.3,55.6,24.0,16.0,1.0,,,,62.5,67.9,69.8,70.8,55.6,24.0,16.0,1.0,,,,-0.8,-0.7,-0.5,-0.5,0.0,0.0,0.0,0.0,,,,22.9,24.3,24.6,24.7,55.6,24.0,14.4,1.0,,,,38.8,42.9,44.7,45.6,0.0,0.0,1.6,0.0,,,,True,True,True,True,True,True,False,False,0.92
2026-05-26 01:49:23,SMOKE,9,61.4,66.9,69.0,70.0,55.6,24.0,16.0,1.0,,,,62.4,67.8,69.8,70.7,55.6,24.0,16.0,1.0,,,,-1.0,-0.9,-0.8,-0.7,0.0,0.0,0.0,0.0,,,,23.0,24.5,24.8,24.9,55.6,24.0,14.4,1.0,,,,38.4,42.4,44.2,45.1,0.0,0.0,1.6,0.0,,,,True,True,True,True,True,True,False,False,0.92
2026-05-26 01:49:24,SMOKE,9,61.4,67.0,69.0,70.1,55.6,24.0,16.0,1.0,,,,62.3,67.7,69.7,70.7,55.6,24.0,16.0,1.0,,,,-0.9,-0.7,-0.7,-0.6,0.0,0.0,0.0,0.0,,,,23.2,24.7,25.0,25.1,55.6,24.0,14.4,1.0,,,,38.2,42.3,44.0,45.0,0.0,0.0,1.6,0.0,,,,True,True,True,True,True,True,False,False,0.92
2026-05-26 01:49:25,SMOKE,9,61.6,67.1,69.2,70.2,55.6,24.0,16.0,1.0,,,,62.2,67.6,69.6,70.6,55.6,24.0,16.0,1.0,,,,-0.6,-0.5,-0.4,-0.4,0.0,0.0,0.0,0.0,,,,23.4,24.9,25.2,25.4,55.6,24.0,14.4,1.0,,,,38.2,42.2,44.0,44.8,0.0,0.0,1.6,0.0,,,,True,True,True,True,True,True,False,False,0.92
2026-05-26 01:49:26,SMOKE,9,61.8,67.3,69.3,70.4,55.6,24.0,16.0,1.0,,,,62.1,67.6,69.6,70.6,55.6,24.0,16.0,1.0,,,,-0.3,-0.3,-0.3,-0.2,0.0,0.0,0.0,0.0,,,,23.6,25.1,25.4,25.6,55.6,24.0,14.4,1.0,,,,38.2,42.2,43.9,44.8,0.0,0.0,1.6,0.0,,,,True,True,True,True,True,True,False,False,0.92
2026-05-26 01:49:27,SMOKE,9,61.9,67.4,69.5,70.5,55.6,24.0,16.0,1.0,,,,62.1,67.5,69.5,70.6,55.6,24.0,16.0,1.0,,,,-0.2,-0.1,0.0,-0.1,0.0,0.0,0.0,0.0,,,,23.8,25.3,25.6,25.8,55.6,24.0,14.4,1.0,,,,38.1,42.1,43.9,44.7,0.0,0.0,1.6,0.0,,,,True,True,True,True,True,True,False,False,0.92
2026-05-26 01:49:28,SMOKE,9,61.8,67.3,69.3,70.4,55.6,24.0,16.0,1.0,,,,62.0,67.5,69.5,70.5,55.6,24.0,16.0,1.0,,,,-0.2,-0.2,-0.2,-0.1,0.0,0.0,0.0,0.0,,,,24.0,25.5,25.8,26.0,55.6,24.0,14.4,1.0,,,,37.8,41.8,43.5,44.4,0.0,0.0,1.6,0.0,,,,True,True,True,True,True,True,False,False,0.92
2026-05-26 01:49:29,SMOKE,9,61.6,67.0,69.1,70.1,55.6,24.0,16.0,1.0,,,,62.0,67.5,69.5,70.5,55.6,24.0,16.0,1.0,,,,-0.4,-0.5,-0.4,-0.4,0.0,0.0,0.0,0.0,,,,24.1,25.7,26.0,26.2,55.6,24.0,14.4,1.0,,,,37.5,41.3,43.1,43.9,0.0,0.0,1.6,0.0,,,,True,True,True,True,True,True,False,False,0.92
2026-05-26 01:49:30,SMOKE,9,61.6,67.0,69.0,70.0,55.6,24.0,16.0,1.0,,,,61.9,67.4,69.4,70.5,55.6,24.0,16.0,1.0,,,,-0.3,-0.4,-0.4,-0.5,0.0,0.0,0.0,0.0,,,,24.3,25.9,26.2,26.4,55.6,24.0,14.4,1.0,,,,37.3,41.1,42.8,43.6,0.0,0.0,1.6,0.0,,,,True,True,True,True,True,True,False,False,0.92
2026-05-26 01:49:31,SMOKE,9,61.5,67.0,69.0,70.0,55.6,24.0,16.0,1.0,,,,61.8,67.3,69.4,70.4,55.6,24.0,16.0,1.0,,,,-0.3,-0.3,-0.4,-0.4,0.0,0.0,0.0,0.0,,,,24.5,26.1,26.4,26.6,55.6,24.0,14.4,1.0,,,,37.0,40.9,42.6,43.4,0.0,0.0,1.6,0.0,,,,True,True,True,True,True,True,False,False,0.92
2026-05-26 01:49:32,SMOKE,9,61.5,66.9,68.9,69.9,55.6,24.0,16.0,1.0,,,,61.8,67.3,69.3,70.3,55.6,24.0,16.0,1.0,,,,-0.3,-0.4,-0.4,-0.4,0.0,0.0,0.0,0.0,,,,24.7,26.3,26.7,26.8,55.6,24.0,14.5,1.0,,,,36.8,40.6,42.2,43.1,0.0,0.0,1.5,0.0,,,,True,True,True,True,True,True,False,False,0.92
2026-05-26 01:49:33,SMOKE,9,61.6,67.0,68.9,69.9,55.6,24.0,16.0,1.0,,,,61.7,67.2,69.2,70.3,55.6,24.0,16.0,1.0,,,,-0.1,-0.2,-0.3,-0.4,0.0,0.0,0.0,0.0,,,,24.9,26.5,26.9,27.0,55.6,24.0,14.5,1.0,,,,36.7,40.5,42.0,42.9,0.0,0.0,1.5,0.0,,,,True,True,True,True,True,True,False,False,0.92
2026-05-26 01:49:34,SMOKE,9,61.7,67.1,69.1,70.1,55.6,24.0,16.0,1.0,,,,61.7,67.1,69.2,70.2,55.6,24.0,16.0,1.0,,,,0.0,0.0,-0.1,-0.1,0.0,0.0,0.0,0.0,,,,25.0,26.7,27.1,27.2,55.6,24.0,14.5,1.0,,,,36.7,40.4,42.0,42.9,0.0,0.0,1.5,0.0,,,,True,True,True,True,True,True,False,False,0.92
2026-05-26 01:49:35,SMOKE,9,61.9,67.3,69.2,70.2,55.6,24.0,16.0,1.0,,,,61.6,67.1,69.2,70.2,55.6,24.0,16.0,1.0,,,,0.3,0.2,0.0,0.0,0.0,0.0,0.0,0.0,,,,25.2,26.9,27.3,27.5,55.6,24.0,14.5,1.0,,,,36.7,40.4,41.9,42.7,0.0,0.0,1.5,0.0,,,,True,True,True,True,True,True,False,False,0.92
2026-05-26 01:49:36,SMOKE,10,62.2,67.6,69.5,70.5,55.7,24.0,16.0,1.0,,,,61.6,67.1,69.1,70.2,55.6,24.0,16.0,1.0,,,,0.6,0.5,0.4,0.3,0.1,0.0,0.0,0.0,,,,25.4,27.1,27.5,27.7,55.6,24.0,14.5,1.0,,,,36.8,40.5,42.0,42.8,0.1,0.0,1.5,0.0,,,,True,True,True,True,True,True,True,False,0.92
2026-05-26 01:49:37,SMOKE,10,62.3,67.7,69.6,70.6,55.7,24.0,16.0,1.0,,,,61.7,67.1,69.1,70.2,55.6,24.0,16.0,1.0,,,,0.6,0.6,0.5,0.4,0.1,0.0,0.0,0.0,,,,25.6,27.3,27.7,27.9,55.6,24.0,14.5,1.0,,,,36.7,40.4,41.9,42.7,0.1,0.0,1.5,0.0,,,,True,True,True,True,True,True,True,False,0.92
2026-05-26 01:49:38,SMOKE,10,62.5,67.8,69.7,70.7,55.7,24.0,16.0,1.0,,,,61.7,67.2,69.2,70.2,55.6,24.0,16.0,1.0,,,,0.8,0.6,0.5,0.5,0.1,0.0,0.0,0.0,,,,25.8,27.5,27.9,28.1,55.6,24.0,14.5,1.0,,,,36.7,40.3,41.8,42.6,0.1,0.0,1.5,0.0,,,,True,True,True,True,True,True,True,False,0.92
2026-05-26 01:49:39,SMOKE,10,62.5,67.8,69.7,70.7,55.7,24.0,16.0,1.0,,,,61.8,67.2,69.2,70.2,55.6,24.0,16.0,1.0,,,,0.7,0.6,0.5,0.5,0.1,0.0,0.0,0.0,,,,26.0,27.7,28.1,28.3,55.6,24.0,14.5,1.0,,,,36.5,40.1,41.6,42.4,0.1,0.0,1.5,0.0,,,,True,True,True,True,True,True,True,False,0.92
2026-05-26 01:49:40,SMOKE,10,62.3,67.7,69.5,70.5,55.7,24.0,17.0,1.0,,,,61.9,67.3,69.3,70.3,55.6,24.0,16.0,1.0,,,,0.4,0.4,0.2,0.2,0.1,0.0,1.0,0.0,,,,26.2,27.9,28.3,28.5,55.6,24.0,14.5,1.0,,,,36.1,39.8,41.2,42.0,0.1,0.0,2.5,0.0,,,,True,True,True,True,True,True,True,False,0.92
2026-05-26 01:49:41,SMOKE,9,62.1,67.5,69.3,70.3,55.7,24.0,17.0,1.0,,,,61.9,67.3,69.3,70.3,55.6,24.0,16.1,1.0,,,,0.2,0.2,0.0,0.0,0.1,0.0,0.9,0.0,,,,26.3,28.1,28.5,28.7,55.6,24.0,14.5,1.0,,,,35.8,39.4,40.8,41.6,0.1,0.0,2.5,0.0,,,,True,True,True,True,True,True,False,False,0.92
2026-05-26 01:49:42,SMOKE,10,61.9,67.2,69.1,70.0,55.7,24.0,17.0,1.0,,,,61.9,67.3,69.3,70.3,55.6,24.0,16.1,1.0,,,,0.0,-0.1,-0.2,-0.3,0.1,0.0,0.9,0.0,,,,26.5,28.3,28.7,28.9,55.6,24.0,14.5,1.0,,,,35.4,38.9,40.4,41.1,0.1,0.0,2.5,0.0,,,,True,True,True,True,True,True,True,False,0.92
2026-05-26 01:49:43,SMOKE,10,61.7,66.5,68.0,68.7,55.7,24.0,17.0,1.0,,,,61.9,67.3,69.3,70.2,55.6,24.0,16.2,1.0,,,,-0.2,-0.8,-1.3,-1.5,0.1,0.0,0.8,0.0,,,,26.7,28.5,28.9,29.1,55.6,24.0,14.5,1.0,,,,35.0,38.0,39.1,39.6,0.1,0.0,2.5,0.0,,,,True,True,True,True,True,True,True,False,0.93
2026-05-26 01:49:44,SMOKE,10,61.4,65.6,66.5,67.0,55.7,24.0,17.0,1.0,,,,61.9,67.3,69.2,70.2,55.7,24.0,16.3,1.0,,,,-0.5,-1.7,-2.7,-3.2,0.0,0.0,0.7,0.0,,,,26.9,28.7,29.1,29.3,55.6,24.0,14.5,1.0,,,,34.5,36.9,37.4,37.7,0.1,0.0,2.5,0.0,,,,True,True,True,True,True,True,True,False,0.94
2026-05-26 01:49:45,SMOKE,10,61.3,65.4,66.4,66.9,55.7,24.0,17.0,1.0,,,,61.9,67.2,69.0,69.9,55.7,24.0,16.4,1.0,,,,-0.6,-1.8,-2.6,-3.0,0.0,0.0,0.6,0.0,,,,27.1,28.9,29.3,29.5,55.6,24.0,14.6,1.0,,,,34.2,36.5,37.1,37.4,0.1,0.0,2.4,0.0,,,,True,True,True,True,True,True,True,False,0.94
2026-05-26 01:49:46,SMOKE,10,61.3,65.5,66.5,67.0,55.7,24.0,17.0,1.0,,,,61.9,67.1,68.8,69.7,55.7,24.0,16.4,1.0,,,,-0.6,-1.6,-2.3,-2.7,0.0,0.0,0.6,0.0,,,,27.2,29.1,29.5,29.7,55.6,24.0,14.6,1.0,,,,34.1,36.4,37.0,37.3,0.1,0.0,2.4,0.0,,,,True,True,True,True,True,True,True,False,0.94
2026-05-26 01:49:47,SMOKE,10,61.2,65.4,66.4,66.9,55.7,24.0,17.0,1.0,,,,61.9,67.0,68.6,69.5,55.7,24.0,16.5,1.0,,,,-0.7,-1.6,-2.2,-2.6,0.0,0.0,0.5,0.0,,,,27.4,29.3,29.7,29.9,55.6,24.0,14.6,1.0,,,,33.8,36.1,36.7,37.0,0.1,0.0,2.4,0.0,,,,True,True,True,True,True,True,True,False,0.94
2026-05-26 01:49:48,SMOKE,10,61.0,65.3,66.3,66.9,55.7,24.0,17.0,1.0,,,,61.9,66.9,68.5,69.3,55.7,24.0,16.6,1.0,,,,-0.9,-1.6,-2.2,-2.4,0.0,0.0,0.4,0.0,,,,27.6,29.5,29.9,30.1,55.6,24.0,14.6,1.0,,,,33.4,35.8,36.4,36.8,0.1,0.0,2.4,0.0,,,,True,True,True,True,True,True,True,False,0.93
2026-05-26 01:49:49,SMOKE,10,60.9,65.2,66.3,66.8,55.7,24.0,17.0,1.0,,,,61.8,66.7,68.3,69.1,55.7,24.0,16.6,1.0,,,,-0.9,-1.5,-2.0,-2.3,0.0,0.0,0.4,0.0,,,,27.8,29.7,30.1,30.3,55.6,24.0,14.6,1.0,,,,33.1,35.5,36.2,36.5,0.1,0.0,2.4,0.0,,,,True,True,True,True,True,True,True,False,0.93
2026-05-26 01:49:50,SMOKE,10,60.8,65.1,66.2,66.8,55.7,24.0,17.0,1.0,,,,61.8,66.6,68.1,68.8,55.7,24.0,16.7,1.0,,,,-1.0,-1.5,-1.9,-2.0,0.0,0.0,0.3,0.0,,,,28.0,29.9,30.3,30.5,55.6,24.0,14.6,1.0,,,,32.8,35.2,35.9,36.3,0.1,0.0,2.4,0.0,,,,True,True,True,True,True,True,True,False,0.93
2026-05-26 01:49:51,SMOKE,10,60.8,65.1,66.2,66.8,55.7,24.0,17.0,1.0,,,,61.7,66.4,67.8,68.6,55.7,24.0,16.8,1.0,,,,-0.9,-1.3,-1.6,-1.8,0.0,0.0,0.2,0.0,,,,28.1,30.1,30.5,30.7,55.6,24.0,14.6,1.0,,,,32.7,35.0,35.7,36.1,0.1,0.0,2.4,0.0,,,,True,True,True,True,True,True,True,False,0.93
2026-05-26 01:49:52,SMOKE,10,60.7,65.1,66.2,66.8,55.7,24.0,17.0,1.0,,,,61.6,66.2,67.6,68.3,55.7,24.0,16.9,1.0,,,,-0.9,-1.1,-1.4,-1.5,0.0,0.0,0.1,0.0,,,,28.3,30.2,30.7,30.9,55.6,24.0,14.6,1.0,,,,32.4,34.9,35.5,35.9,0.1,0.0,2.4,0.0,,,,True,True,True,True,True,True,True,False,0.93
2026-05-26 01:49:53,SMOKE,10,60.7,65.1,66.3,66.9,55.7,24.0,17.0,1.0,,,,61.4,66.0,67.3,68.0,55.7,24.0,16.9,1.0,,,,-0.7,-0.9,-1.0,-1.1,0.0,0.0,0.1,0.0,,,,28.5,30.4,30.9,31.1,55.6,24.0,14.6,1.0,,,,32.2,34.7,35.4,35.8,0.1,0.0,2.4,0.0,,,,True,True,True,True,True,True,True,False,0.93
2026-05-26 01:49:54,SMOKE,10,60.6,65.0,66.2,66.8,55.7,24.0,17.0,1.0,,,,61.3,65.8,67.1,67.7,55.7,24.0,17.0,1.0,,,,-0.7,-0.8,-0.9,-0.9,0.0,0.0,0.0,0.0,,,,28.7,30.6,31.1,31.3,55.6,24.0,14.6,1.0,,,,31.9,34.4,35.1,35.5,0.1,0.0,2.4,0.0,,,,True,True,True,True,True,True,True,False,0.93
2026-05-26 01:49:55,SMOKE,10,60.4,64.9,66.1,66.7,55.7,24.0,17.0,1.0,,,,61.2,65.6,66.8,67.5,55.7,24.0,17.0,1.0,,,,-0.8,-0.7,-0.7,-0.8,0.0,0.0,0.0,0.0,,,,28.9,30.8,31.3,31.5,55.6,24.0,14.7,1.0,,,,31.5,34.1,34.8,35.2,0.1,0.0,2.3,0.0,,,,True,True,True,True,True,True,True,False,0.93
2026-05-26 01:49:56,SMOKE,10,60.1,64.6,65.8,66.5,55.7,24.0,17.0,1.0,,,,61.1,65.5,66.6,67.2,55.7,24.0,17.0,1.0,,,,-1.0,-0.9,-0.8,-0.7,0.0,0.0,0.0,0.0,,,,29.0,31.0,31.5,31.7,55.6,24.0,14.7,1.0,,,,31.1,33.6,34.3,34.8,0.1,0.0,2.3,0.0,,,,True,True,True,True,True,True,True,False,0.93
2026-05-26 01:49:57,SMOKE,10,59.9,64.4,65.6,66.3,55.7,24.0,17.0,1.0,,,,60.9,65.3,66.4,67.0,55.7,24.0,17.0,1.0,,,,-1.0,-0.9,-0.8,-0.7,0.0,0.0,0.0,0.0,,,,29.2,31.2,31.7,31.9,55.6,24.0,14.7,1.0,,,,30.7,33.2,33.9,34.4,0.1,0.0,2.3,0.0,,,,True,True,True,True,True,True,True,False,0.93
2026-05-26 01:49:59,SMOKE,10,59.6,64.1,65.4,66.0,55.7,24.0,17.0,1.0,,,,60.8,65.1,66.2,66.8,55.7,24.0,17.0,1.0,,,,-1.2,-1.0,-0.8,-0.8,0.0,0.0,0.0,0.0,,,,29.4,31.4,31.9,32.1,55.6,24.0,14.7,1.0,,,,30.2,32.7,33.5,33.9,0.1,0.0,2.3,0.0,,,,True,True,True,True,True,True,True,False,0.93
2026-05-26 01:50:00,SMOKE,10,59.4,63.8,65.1,65.8,55.7,24.0,17.0,1.0,,,,60.7,65.0,66.1,66.7,55.7,24.0,17.0,1.0,,,,-1.3,-1.2,-1.0,-0.9,0.0,0.0,0.0,0.0,,,,29.5,31.6,32.0,32.3,55.6,24.0,14.7,1.0,,,,29.9,32.2,33.1,33.5,0.1,0.0,2.3,0.0,,,,True,True,True,True,True,True,True,False,0.93
2026-05-26 01:50:01,SMOKE,10,59.0,63.5,64.8,65.5,55.7,24.0,17.0,1.0,,,,60.5,64.9,66.0,66.6,55.7,24.0,17.0,1.0,,,,-1.5,-1.4,-1.2,-1.1,0.0,0.0,0.0,0.0,,,,29.7,31.8,32.2,32.5,55.6,24.0,14.7,1.0,,,,29.3,31.7,32.6,33.0,0.1,0.0,2.3,0.0,,,,True,True,True,True,True,True,True,False,0.93
2026-05-26 01:50:02,SMOKE,10,58.7,63.1,64.4,65.1,55.7,24.0,17.0,1.0,,,,60.4,64.8,65.9,66.5,55.7,24.0,17.0,1.0,,,,-1.7,-1.7,-1.5,-1.4,0.0,0.0,0.0,0.0,,,,29.9,31.9,32.4,32.7,55.6,24.0,14.7,1.0,,,,28.8,31.2,32.0,32.4,0.1,0.0,2.3,0.0,,,,True,True,True,True,True,True,True,False,0.93
2026-05-26 01:50:03,SMOKE,10,58.3,62.7,64.1,64.7,55.7,24.0,17.0,1.0,,,,60.2,64.6,65.8,66.4,55.7,24.0,17.0,1.0,,,,-1.9,-1.9,-1.7,-1.7,0.0,0.0,0.0,0.0,,,,30.1,32.1,32.6,32.9,55.6,24.0,14.7,1.0,,,,28.2,30.6,31.5,31.8,0.1,0.0,2.3,0.0,,,,True,True,True,True,True,True,True,False,0.93
2026-05-26 01:50:04,SMOKE,10,58.0,62.4,63.8,64.4,55.7,24.0,17.0,1.0,,,,60.0,64.4,65.6,66.2,55.7,24.0,17.0,1.0,,,,-2.0,-2.0,-1.8,-1.8,0.0,0.0,0.0,0.0,,,,30.2,32.3,32.8,33.1,55.6,24.0,14.7,1.0,,,,27.8,30.1,31.0,31.3,0.1,0.0,2.3,0.0,,,,True,True,True,True,True,True,True,False,0.93
2026-05-26 01:50:05,SMOKE,10,57.7,62.2,63.5,64.2,55.7,24.0,17.0,1.0,,,,59.8,64.2,65.4,66.1,55.7,24.0,17.0,1.0,,,,-2.1,-2.0,-1.9,-1.9,0.0,0.0,0.0,0.0,,,,30.4,32.5,33.0,33.2,55.6,24.0,14.7,1.0,,,,27.3,29.7,30.5,31.0,0.1,0.0,2.3,0.0,,,,True,True,True,True,True,True,True,False,0.93
2026-05-26 01:50:06,SMOKE,10,57.5,62.0,63.3,64.0,55.7,24.0,17.0,1.0,,,,59.6,64.0,65.2,65.9,55.7,24.0,17.0,1.0,,,,-2.1,-2.0,-1.9,-1.9,0.0,0.0,0.0,0.0,,,,30.6,32.7,33.2,33.4,55.6,24.0,14.8,1.0,,,,26.9,29.3,30.1,30.6,0.1,0.0,2.2,0.0,,,,True,True,True,True,True,True,True,False,0.93
2026-05-26 01:50:07,SMOKE,10,57.3,61.7,63.1,63.8,55.7,24.0,17.0,1.0,,,,59.3,63.8,65.0,65.7,55.7,24.0,17.0,1.0,,,,-2.0,-2.1,-1.9,-1.9,0.0,0.0,0.0,0.0,,,,30.7,32.9,33.4,33.6,55.6,24.0,14.8,1.0,,,,26.6,28.8,29.7,30.2,0.1,0.0,2.2,0.0,,,,True,True,True,True,True,True,True,False,0.93
2026-05-26 01:50:08,SMOKE,10,57.0,61.5,62.8,63.6,55.7,24.0,17.0,1.0,,,,59.1,63.5,64.8,65.5,55.7,24.0,17.0,1.0,,,,-2.1,-2.0,-2.0,-1.9,0.0,0.0,0.0,0.0,,,,30.9,33.0,33.5,33.8,55.6,24.0,14.8,1.0,,,,26.1,28.5,29.3,29.8,0.1,0.0,2.2,0.0,,,,True,True,True,True,True,True,True,False,0.93
2026-05-26 01:50:09,SMOKE,10,56.7,61.2,62.6,63.4,55.7,24.0,17.0,1.0,,,,58.8,63.3,64.6,65.2,55.7,24.0,17.0,1.0,,,,-2.1,-2.1,-2.0,-1.8,0.0,0.0,0.0,0.0,,,,31.1,33.2,33.7,34.0,55.6,24.0,14.8,1.0,,,,25.6,28.0,28.9,29.4,0.1,0.0,2.2,0.0,,,,True,True,True,True,True,True,True,False,0.93
2026-05-26 01:50:10,SMOKE,10,56.5,61.0,62.4,63.2,55.7,24.0,17.0,1.0,,,,58.5,63.0,64.3,65.0,55.7,24.0,17.0,1.0,,,,-2.0,-2.0,-1.9,-1.8,0.0,0.0,0.0,0.0,,,,31.2,33.4,33.9,34.2,55.6,24.0,14.8,1.0,,,,25.3,27.6,28.5,29.0,0.1,0.0,2.2,0.0,,,,True,True,True,True,True,True,True,False,0.93
2026-05-26 01:50:11,SMOKE,10,56.2,60.8,62.2,63.0,55.7,24.0,17.0,1.0,,,,58.3,62.7,64.0,64.8,55.7,24.0,17.0,1.0,,,,-2.1,-1.9,-1.8,-1.8,0.0,0.0,0.0,0.0,,,,31.4,33.6,34.1,34.4,55.6,24.0,14.8,1.0,,,,24.8,27.2,28.1,28.6,0.1,0.0,2.2,0.0,,,,True,True,True,True,True,True,True,False,0.92
2026-05-26 01:50:12,SMOKE,10,55.9,60.5,62.0,62.8,55.7,24.0,17.0,1.0,,,,58.0,62.5,63.8,64.5,55.7,24.0,17.0,1.0,,,,-2.1,-2.0,-1.8,-1.7,0.0,0.0,0.0,0.0,,,,31.6,33.8,34.3,34.6,55.6,24.0,14.8,1.0,,,,24.3,26.7,27.7,28.2,0.1,0.0,2.2,0.0,,,,True,True,True,True,True,True,True,False,0.92
2026-05-26 01:50:13,SMOKE,10,55.7,60.3,61.8,62.6,55.7,24.0,17.0,1.0,,,,57.7,62.2,63.5,64.2,55.7,24.0,17.0,1.0,,,,-2.0,-1.9,-1.7,-1.6,0.0,0.0,0.0,0.0,,,,31.7,33.9,34.5,34.7,55.6,24.0,14.8,1.0,,,,24.0,26.4,27.3,27.9,0.1,0.0,2.2,0.0,,,,True,True,True,True,True,True,True,False,0.92
2026-05-26 01:50:14,SMOKE,10,55.5,60.1,61.7,62.5,55.7,24.0,17.0,1.0,,,,57.4,61.9,63.3,64.0,55.7,24.0,17.0,1.0,,,,-1.9,-1.8,-1.6,-1.5,0.0,0.0,0.0,0.0,,,,31.9,34.1,34.6,34.9,55.6,24.0,14.8,1.0,,,,23.6,26.0,27.1,27.6,0.1,0.0,2.2,0.0,,,,True,True,True,True,True,True,True,False,0.92
2026-05-26 01:50:15,SMOKE,10,55.5,60.2,61.8,62.6,55.7,24.0,17.0,1.0,,,,57.1,61.6,63.0,63.8,55.7,24.0,17.0,1.0,,,,-1.6,-1.4,-1.2,-1.2,0.0,0.0,0.0,0.0,,,,32.0,34.3,34.8,35.1,55.6,24.0,14.8,1.0,,,,23.5,25.9,27.0,27.5,0.1,0.0,2.2,0.0,,,,True,True,True,True,True,True,True,False,0.92
2026-05-26 01:50:16,SMOKE,10,55.5,60.2,61.8,62.6,55.7,24.0,17.0,1.0,,,,56.9,61.4,62.8,63.6,55.7,24.0,17.0,1.0,,,,-1.4,-1.2,-1.0,-1.0,0.0,0.0,0.0,0.0,,,,32.2,34.5,35.0,35.3,55.6,24.0,14.9,1.0,,,,23.3,25.7,26.8,27.3,0.1,0.0,2.1,0.0,,,,True,True,True,True,True,True,True,False,0.92
2026-05-26 01:50:17,SMOKE,10,55.4,60.1,61.8,62.6,55.7,24.0,17.0,1.0,,,,56.7,61.2,62.6,63.4,55.7,24.0,17.0,1.0,,,,-1.3,-1.1,-0.8,-0.8,0.0,0.0,0.0,0.0,,,,32.4,34.6,35.2,35.5,55.6,24.0,14.9,1.0,,,,23.0,25.5,26.6,27.1,0.1,0.0,2.1,0.0,,,,True,True,True,True,True,True,True,False,0.92
2026-05-26 01:50:18,SMOKE,10,55.5,60.2,61.9,62.7,55.7,24.0,17.0,1.0,,,,56.5,61.0,62.5,63.2,55.7,24.0,17.0,1.0,,,,-1.0,-0.8,-0.6,-0.5,0.0,0.0,0.0,0.0,,,,32.5,34.8,35.4,35.7,55.6,24.0,14.9,1.0,,,,23.0,25.4,26.5,27.0,0.1,0.0,2.1,0.0,,,,True,True,True,True,True,True,True,False,0.92
2026-05-26 01:50:19,SMOKE,10,55.6,60.4,62.0,62.9,55.7,24.0,17.0,1.0,,,,56.3,60.9,62.3,63.1,55.7,24.0,17.0,1.0,,,,-0.7,-0.5,-0.3,-0.2,0.0,0.0,0.0,0.0,,,,32.7,35.0,35.5,35.8,55.6,24.0,14.9,1.0,,,,22.9,25.4,26.5,27.1,0.1,0.0,2.1,0.0,,,,True,True,True,True,True,True,True,False,0.92
2026-05-26 01:50:20,SMOKE,10,55.9,60.6,62.3,63.2,55.7,24.0,17.0,1.0,,,,56.1,60.7,62.2,63.0,55.7,24.0,17.0,1.0,,,,-0.2,-0.1,0.1,0.2,0.0,0.0,0.0,0.0,,,,32.9,35.2,35.7,36.0,55.6,24.0,14.9,1.0,,,,23.0,25.4,26.6,27.2,0.1,0.0,2.1,0.0,,,,True,True,True,True,True,True,True,False,0.92
2026-05-26 01:50:21,SMOKE,10,56.1,60.9,62.7,63.5,55.7,24.0,17.0,1.0,,,,56.0,60.6,62.2,63.0,55.7,24.0,17.0,1.0,,,,0.1,0.3,0.5,0.5,0.0,0.0,0.0,0.0,,,,33.0,35.3,35.9,36.2,55.6,24.0,14.9,1.0,,,,23.1,25.6,26.8,27.3,0.1,0.0,2.1,0.0,,,,True,True,True,True,True,True,True,False,0.92
2026-05-26 01:50:22,SMOKE,10,56.4,61.2,63.0,63.9,55.7,24.0,17.0,1.0,,,,55.9,60.6,62.1,62.9,55.7,24.0,17.0,1.0,,,,0.5,0.6,0.9,1.0,0.0,0.0,0.0,0.0,,,,33.2,35.5,36.1,36.4,55.6,24.0,14.9,1.0,,,,23.2,25.7,26.9,27.5,0.1,0.0,2.1,0.0,,,,True,True,True,True,True,True,True,False,0.92
2026-05-26 01:50:23,SMOKE,10,56.4,61.3,63.1,64.0,55.7,24.0,17.0,1.0,,,,55.9,60.6,62.1,63.0,55.7,24.0,17.0,1.0,,,,0.5,0.7,1.0,1.0,0.0,0.0,0.0,0.0,,,,33.3,35.7,36.3,36.6,55.6,24.0,14.9,1.0,,,,23.1,25.6,26.8,27.4,0.1,0.0,2.1,0.0,,,,True,True,True,True,True,True,True,False,0.92
2026-05-26 01:50:24,SMOKE,9,56.6,61.6,63.3,64.2,55.7,24.0,17.0,1.0,,,,55.9,60.6,62.2,63.0,55.7,24.0,17.0,1.0,,,,0.7,1.0,1.1,1.2,0.0,0.0,0.0,0.0,,,,33.5,35.9,36.5,36.8,55.6,24.0,14.9,1.0,,,,23.1,25.7,26.8,27.4,0.1,0.0,2.1,0.0,,,,True,True,True,True,True,True,False,False,0.92
2026-05-26 01:50:25,SMOKE,10,56.7,61.6,63.4,64.3,55.7,24.0,17.0,1.0,,,,55.9,60.6,62.2,63.1,55.7,24.0,17.0,1.0,,,,0.8,1.0,1.2,1.2,0.0,0.0,0.0,0.0,,,,33.7,36.0,36.6,37.0,55.6,24.0,14.9,1.0,,,,23.0,25.6,26.8,27.3,0.1,0.0,2.1,0.0,,,,True,True,True,True,True,True,True,False,0.92
2026-05-26 01:50:26,SMOKE,9,56.7,61.7,63.5,64.4,55.7,24.0,17.0,1.0,,,,55.9,60.7,62.3,63.2,55.7,24.0,17.0,1.0,,,,0.8,1.0,1.2,1.2,0.0,0.0,0.0,0.0,,,,33.8,36.2,36.8,37.1,55.6,24.0,15.0,1.0,,,,22.9,25.5,26.7,27.3,0.1,0.0,2.0,0.0,,,,True,True,True,True,True,True,False,False,0.92
2026-05-26 01:50:27,SMOKE,9,56.8,61.8,63.6,64.5,55.7,24.0,17.0,1.0,,,,56.0,60.7,62.4,63.3,55.7,24.0,17.0,1.0,,,,0.8,1.1,1.2,1.2,0.0,0.0,0.0,0.0,,,,34.0,36.4,37.0,37.3,55.6,24.0,15.0,1.0,,,,22.8,25.4,26.6,27.2,0.1,0.0,2.0,0.0,,,,True,True,True,True,True,True,False,False,0.92
2026-05-26 01:50:28,SMOKE,9,56.8,61.8,63.7,64.6,55.7,24.0,17.0,1.0,,,,56.0,60.9,62.6,63.4,55.7,24.0,17.0,1.0,,,,0.8,0.9,1.1,1.2,0.0,0.0,0.0,0.0,,,,34.2,36.6,37.2,37.5,55.6,24.0,15.0,1.0,,,,22.6,25.2,26.5,27.1,0.1,0.0,2.0,0.0,,,,True,True,True,True,True,True,False,False,0.92
2026-05-26 01:50:29,SMOKE,9,56.9,62.0,63.8,64.7,55.7,24.0,17.0,1.0,,,,56.1,61.0,62.7,63.6,55.7,24.0,17.0,1.0,,,,0.8,1.0,1.1,1.1,0.0,0.0,0.0,0.0,,,,34.3,36.8,37.4,37.7,55.6,24.0,15.0,1.0,,,,22.6,25.2,26.4,27.0,0.1,0.0,2.0,0.0,,,,True,True,True,True,True,True,False,False,0.92
2026-05-26 01:50:30,SMOKE,9,57.0,62.0,63.9,64.8,55.7,24.0,17.0,1.0,,,,56.2,61.1,62.9,63.7,55.7,24.0,17.0,1.0,,,,0.8,0.9,1.0,1.1,0.0,0.0,0.0,0.0,,,,34.5,36.9,37.6,37.9,55.6,24.0,15.0,1.0,,,,22.5,25.1,26.3,26.9,0.1,0.0,2.0,0.0,,,,True,True,True,True,True,True,False,False,0.92
2026-05-26 01:50:31,SMOKE,9,57.0,62.0,63.9,64.8,55.7,24.0,17.0,1.0,,,,56.3,61.2,63.0,63.9,55.7,24.0,17.0,1.0,,,,0.7,0.8,0.9,0.9,0.0,0.0,0.0,0.0,,,,34.7,37.1,37.8,38.1,55.6,24.0,15.0,1.0,,,,22.3,24.9,26.1,26.7,0.1,0.0,2.0,0.0,,,,True,True,True,True,True,True,False,False,0.92
2026-05-26 01:50:32,SMOKE,9,57.0,62.0,63.8,64.8,55.7,24.0,17.0,1.0,,,,56.5,61.4,63.1,64.0,55.7,24.0,17.0,1.0,,,,0.5,0.6,0.7,0.8,0.0,0.0,0.0,0.0,,,,34.8,37.3,37.9,38.3,55.6,24.0,15.0,1.0,,,,22.2,24.7,25.9,26.5,0.1,0.0,2.0,0.0,,,,True,True,True,True,True,True,False,False,0.92
2026-05-26 01:50:33,SMOKE,9,56.9,61.9,63.7,64.7,55.7,24.0,17.0,1.0,,,,56.6,61.5,63.3,64.2,55.7,24.0,17.0,1.0,,,,0.3,0.4,0.4,0.5,0.0,0.0,0.0,0.0,,,,35.0,37.5,38.1,38.5,55.6,24.0,15.0,1.0,,,,21.9,24.4,25.6,26.2,0.1,0.0,2.0,0.0,,,,True,True,True,True,True,True,False,False,0.92
2026-05-26 01:50:34,SMOKE,9,56.8,61.8,63.6,64.6,55.7,24.0,17.0,1.0,,,,56.7,61.6,63.4,64.3,55.7,24.0,17.0,1.0,,,,0.1,0.2,0.2,0.3,0.0,0.0,0.0,0.0,,,,35.2,37.7,38.3,38.7,55.6,24.0,15.0,1.0,,,,21.6,24.1,25.3,25.9,0.1,0.0,2.0,0.0,,,,True,True,True,True,True,True,False,False,0.92
2026-05-26 01:50:35,SMOKE,10,56.8,61.7,63.6,64.5,55.7,24.0,18.0,1.0,,,,56.7,61.7,63.5,64.4,55.7,24.0,17.0,1.0,,,,0.1,0.0,0.1,0.1,0.0,0.0,1.0,0.0,,,,35.3,37.8,38.5,38.8,55.6,24.0,15.1,1.0,,,,21.5,23.9,25.1,25.7,0.1,0.0,2.9,0.0,,,,True,True,True,True,True,True,True,False,0.92
2026-05-26 01:50:37,SMOKE,9,56.7,61.7,63.5,64.4,55.7,24.0,18.0,1.0,,,,56.8,61.7,63.6,64.5,55.7,24.0,17.1,1.0,,,,-0.1,0.0,-0.1,-0.1,0.0,0.0,0.9,0.0,,,,35.5,38.0,38.7,39.0,55.6,24.0,15.1,1.0,,,,21.2,23.7,24.8,25.4,0.1,0.0,2.9,0.0,,,,True,True,True,True,True,True,False,False,0.92
2026-05-26 01:50:38,SMOKE,9,56.6,61.6,63.4,64.3,55.7,24.0,18.0,1.0,,,,56.8,61.8,63.6,64.5,55.7,24.0,17.1,1.0,,,,-0.2,-0.2,-0.2,-0.2,0.0,0.0,0.9,0.0,,,,35.6,38.2,38.9,39.2,55.6,24.0,15.1,1.0,,,,21.0,23.4,24.5,25.1,0.1,0.0,2.9,0.0,,,,True,True,True,True,True,True,False,False,0.92
2026-05-26 01:50:39,SMOKE,9,56.5,61.5,63.3,64.2,55.7,24.0,18.0,1.0,,,,56.8,61.8,63.6,64.5,55.7,24.0,17.2,1.0,,,,-0.3,-0.3,-0.3,-0.3,0.0,0.0,0.8,0.0,,,,35.8,38.4,39.1,39.4,55.6,24.0,15.1,1.0,,,,20.7,23.1,24.2,24.8,0.1,0.0,2.9,0.0,,,,True,True,True,True,True,True,False,False,0.92
2026-05-26 01:50:40,SMOKE,9,56.3,61.2,63.1,64.0,55.7,24.0,18.0,1.0,,,,56.8,61.8,63.6,64.5,55.7,24.0,17.3,1.0,,,,-0.5,-0.6,-0.5,-0.5,0.0,0.0,0.7,0.0,,,,36.0,38.6,39.3,39.6,55.6,24.0,15.1,1.0,,,,20.3,22.6,23.8,24.4,0.1,0.0,2.9,0.0,,,,True,True,True,True,True,True,False,False,0.92
2026-05-26 01:50:41,SMOKE,9,56.0,61.0,62.8,63.8,55.7,24.0,18.0,1.0,,,,56.8,61.8,63.6,64.5,55.7,24.0,17.4,1.0,,,,-0.8,-0.8,-0.8,-0.7,0.0,0.0,0.6,0.0,,,,36.1,38.7,39.4,39.8,55.6,24.0,15.1,1.0,,,,19.9,22.3,23.4,24.0,0.1,0.0,2.9,0.0,,,,True,True,True,True,True,True,False,False,0.92
2026-05-26 01:50:42,SMOKE,9,55.8,60.8,62.6,63.5,55.7,24.0,18.0,1.0,,,,56.7,61.7,63.6,64.5,55.7,24.0,17.4,1.0,,,,-0.9,-0.9,-1.0,-1.0,0.0,0.0,0.6,0.0,,,,36.3,38.9,39.6,40.0,55.6,24.0,15.1,1.0,,,,19.5,21.9,23.0,23.5,0.1,0.0,2.9,0.0,,,,True,True,True,True,True,True,False,False,0.92
2026-05-26 01:50:43,SMOKE,9,55.5,60.4,62.3,63.2,55.7,24.0,18.0,1.0,,,,56.6,61.6,63.5,64.4,55.7,24.0,17.5,1.0,,,,-1.1,-1.2,-1.2,-1.2,0.0,0.0,0.5,0.0,,,,36.5,39.1,39.8,40.2,55.6,24.0,15.1,1.0,,,,19.0,21.3,22.5,23.0,0.1,0.0,2.9,0.0,,,,True,True,True,True,True,True,False,False,0.92
2026-05-26 01:50:44,SMOKE,9,55.2,60.2,62.0,63.0,55.7,24.0,18.0,1.0,,,,56.6,61.5,63.4,64.3,55.7,24.0,17.6,1.0,,,,-1.4,-1.3,-1.4,-1.3,0.0,0.0,0.4,0.0,,,,36.6,39.3,40.0,40.3,55.6,24.0,15.2,1.0,,,,18.6,20.9,22.0,22.7,0.1,0.0,2.8,0.0,,,,True,True,True,True,True,True,False,False,0.92
2026-05-26 01:50:45,SMOKE,9,55.0,59.9,61.8,62.7,55.7,24.0,18.0,1.0,,,,56.4,61.4,63.2,64.2,55.7,24.0,17.6,1.0,,,,-1.4,-1.5,-1.4,-1.5,0.0,0.0,0.4,0.0,,,,36.8,39.4,40.2,40.5,55.6,24.0,15.2,1.0,,,,18.2,20.5,21.6,22.2,0.1,0.0,2.8,0.0,,,,True,True,True,True,True,True,False,False,0.92
2026-05-26 01:50:46,SMOKE,9,54.8,59.7,61.5,62.5,55.7,24.0,18.0,1.0,,,,56.3,61.3,63.1,64.0,55.7,24.0,17.7,1.0,,,,-1.5,-1.6,-1.6,-1.5,0.0,0.0,0.3,0.0,,,,36.9,39.6,40.3,40.7,55.6,24.0,15.2,1.0,,,,17.9,20.1,21.2,21.8,0.1,0.0,2.8,0.0,,,,True,True,True,True,True,True,False,False,0.92
2026-05-26 01:50:47,SMOKE,9,54.5,59.4,61.2,62.2,55.7,24.0,18.0,1.0,,,,56.1,61.1,62.9,63.9,55.7,24.0,17.8,1.0,,,,-1.6,-1.7,-1.7,-1.7,0.0,0.0,0.2,0.0,,,,37.1,39.8,40.5,40.9,55.6,24.0,15.2,1.0,,,,17.4,19.6,20.7,21.3,0.1,0.0,2.8,0.0,,,,True,True,True,True,True,True,False,False,0.92
2026-05-26 01:50:48,SMOKE,9,54.1,59.0,60.8,61.7,55.7,24.0,18.0,1.0,,,,56.0,60.9,62.7,63.7,55.7,24.0,17.9,1.0,,,,-1.9,-1.9,-1.9,-2.0,0.0,0.0,0.1,0.0,,,,37.3,40.0,40.7,41.1,55.6,24.0,15.2,1.0,,,,16.8,19.0,20.1,20.6,0.1,0.0,2.8,0.0,,,,True,True,True,True,True,True,False,False,0.92
2026-05-26 01:50:49,SMOKE,7,53.7,58.5,60.3,61.2,55.7,24.0,18.0,1.0,,,,55.8,60.7,62.5,63.5,55.7,24.0,17.9,1.0,,,,-2.1,-2.2,-2.2,-2.3,0.0,0.0,0.1,0.0,,,,37.4,40.1,40.9,41.3,55.6,24.0,15.2,1.0,,,,16.3,18.4,19.4,19.9,0.1,0.0,2.8,0.0,,,,True,True,True,True,False,True,False,False,0.92
2026-05-26 01:50:50,SMOKE,5,53.4,58.2,60.0,60.9,55.7,24.0,18.0,1.0,,,,55.5,60.5,62.3,63.2,55.7,24.0,18.0,1.0,,,,-2.1,-2.3,-2.3,-2.3,0.0,0.0,0.0,0.0,,,,37.6,40.3,41.1,41.4,55.6,24.0,15.2,1.0,,,,15.8,17.9,18.9,19.5,0.1,0.0,2.8,0.0,,,,True,True,True,False,False,True,False,False,0.92
2026-05-26 01:50:51,SMOKE,5,53.2,58.0,59.8,60.7,55.7,24.0,18.0,1.0,,,,55.3,60.2,62.0,63.0,55.7,24.0,18.0,1.0,,,,-2.1,-2.2,-2.2,-2.3,0.0,0.0,0.0,0.0,,,,37.7,40.5,41.2,41.6,55.6,24.0,15.3,1.0,,,,15.5,17.5,18.6,19.1,0.1,0.0,2.7,0.0,,,,True,True,True,False,False,True,False,False,0.92
2026-05-26 01:50:52,SMOKE,5,52.9,57.7,59.5,60.4,55.7,24.0,18.0,1.0,,,,55.0,60.0,61.8,62.7,55.7,24.0,18.0,1.0,,,,-2.1,-2.3,-2.3,-2.3,0.0,0.0,0.0,0.0,,,,37.9,40.6,41.4,41.8,55.6,24.0,15.3,1.0,,,,15.0,17.1,18.1,18.6,0.1,0.0,2.7,0.0,,,,True,True,True,False,False,True,False,False,0.92
2026-05-26 01:50:53,SMOKE,6,52.9,57.2,58.7,59.4,55.7,24.0,18.0,1.0,,,,54.8,59.7,61.5,62.4,55.7,24.0,18.0,1.0,,,,-1.9,-2.5,-2.8,-3.0,0.0,0.0,0.0,0.0,,,,38.0,40.8,41.6,42.0,55.6,24.0,15.3,1.0,,,,14.9,16.4,17.1,17.4,0.1,0.0,2.7,0.0,,,,True,True,True,False,False,True,True,False,0.92
2026-05-26 01:50:54,SMOKE,6,52.9,56.8,58.0,58.6,55.7,24.0,18.0,1.0,,,,54.5,59.4,61.2,62.1,55.7,24.0,18.0,1.0,,,,-1.6,-2.6,-3.2,-3.5,0.0,0.0,0.0,0.0,,,,38.2,41.0,41.7,42.1,55.6,24.0,15.3,1.0,,,,14.7,15.8,16.3,16.5,0.1,0.0,2.7,0.0,,,,True,True,True,False,False,True,True,False,0.93
2026-05-26 01:50:55,SMOKE,6,52.9,56.5,57.5,57.9,55.7,24.0,18.0,1.0,,,,54.3,59.1,60.8,61.7,55.7,24.0,18.0,1.0,,,,-1.4,-2.6,-3.3,-3.8,0.0,0.0,0.0,0.0,,,,38.3,41.1,41.9,42.3,55.6,24.0,15.3,1.0,,,,14.6,15.4,15.6,15.6,0.1,0.0,2.7,0.0,,,,True,True,True,False,False,True,True,False,0.94
2026-05-26 01:50:56,SMOKE,6,52.7,56.2,56.9,57.3,55.7,24.0,18.0,1.0,,,,54.1,58.7,60.4,61.3,55.7,24.0,18.0,1.0,,,,-1.4,-2.5,-3.5,-4.0,0.0,0.0,0.0,0.0,,,,38.5,41.3,42.1,42.5,55.6,24.0,15.3,1.0,,,,14.2,14.9,14.8,14.8,0.1,0.0,2.7,0.0,,,,True,True,True,False,False,True,True,False,0.94
2026-05-26 01:50:57,SMOKE,6,52.7,55.9,56.5,56.8,55.7,24.0,18.0,1.0,,,,53.8,58.4,60.0,60.8,55.7,24.0,18.0,1.0,,,,-1.1,-2.5,-3.5,-4.0,0.0,0.0,0.0,0.0,,,,38.6,41.5,42.2,42.6,55.6,24.0,15.3,1.0,,,,14.1,14.4,14.3,14.2,0.1,0.0,2.7,0.0,,,,True,True,True,False,False,True,True,False,0.94
2026-05-26 01:50:58,SMOKE,6,52.5,55.6,56.1,56.3,55.7,24.0,18.0,1.0,,,,53.6,58.1,59.6,60.4,55.7,24.0,18.0,1.0,,,,-1.1,-2.5,-3.5,-4.1,0.0,0.0,0.0,0.0,,,,38.8,41.6,42.4,42.8,55.6,24.0,15.3,1.0,,,,13.7,14.0,13.7,13.5,0.1,0.0,2.7,0.0,,,,True,True,True,False,False,True,True,False,0.94
2026-05-26 01:50:59,SMOKE,6,52.2,55.2,55.6,55.8,55.7,24.0,18.0,1.0,,,,53.4,57.8,59.2,59.9,55.7,24.0,18.0,1.0,,,,-1.2,-2.6,-3.6,-4.1,0.0,0.0,0.0,0.0,,,,38.9,41.8,42.6,43.0,55.6,24.0,15.4,1.0,,,,13.3,13.4,13.0,12.8,0.1,0.0,2.6,0.0,,,,True,True,True,False,False,True,True,False,0.95
2026-05-26 01:51:00,SMOKE,6,51.8,54.7,55.0,55.1,55.7,24.0,18.0,1.0,,,,53.2,57.4,58.7,59.4,55.7,24.0,18.0,1.0,,,,-1.4,-2.7,-3.7,-4.3,0.0,0.0,0.0,0.0,,,,39.1,41.9,42.7,43.1,55.6,24.0,15.4,1.0,,,,12.7,12.8,12.3,12.0,0.1,0.0,2.6,0.0,,,,True,True,True,False,False,True,True,False,0.95
2026-05-26 01:51:01,SMOKE,6,51.5,54.3,54.6,54.7,55.7,24.0,18.0,1.0,,,,53.0,57.1,58.3,58.9,55.7,24.0,18.0,1.0,,,,-1.5,-2.8,-3.7,-4.2,0.0,0.0,0.0,0.0,,,,39.2,42.1,42.9,43.3,55.6,24.0,15.4,1.0,,,,12.3,12.2,11.7,11.4,0.1,0.0,2.6,0.0,,,,True,True,True,False,False,True,True,False,0.95
2026-05-26 01:51:02,SMOKE,6,51.3,54.0,54.2,54.3,55.7,24.0,18.0,1.0,,,,52.8,56.7,57.8,58.3,55.7,24.0,18.0,1.0,,,,-1.5,-2.7,-3.6,-4.0,0.0,0.0,0.0,0.0,,,,39.4,42.3,43.1,43.5,55.6,24.0,15.4,1.0,,,,11.9,11.7,11.1,10.8,0.1,0.0,2.6,0.0,,,,True,True,True,False,False,True,True,False,0.95
2026-05-26 01:51:03,SMOKE,6,51.0,53.7,53.8,53.9,55.7,24.0,18.0,1.0,,,,52.6,56.3,57.3,57.8,55.7,24.0,18.0,1.0,,,,-1.6,-2.6,-3.5,-3.9,0.0,0.0,0.0,0.0,,,,39.5,42.4,43.2,43.6,55.6,24.0,15.4,1.0,,,,11.5,11.3,10.6,10.3,0.1,0.0,2.6,0.0,,,,True,True,True,False,False,True,True,False,0.95
2026-05-26 01:51:04,SMOKE,6,50.6,53.3,53.4,53.4,55.7,24.0,18.0,1.0,,,,52.4,56.0,56.9,57.3,55.7,24.0,18.0,1.0,,,,-1.8,-2.7,-3.5,-3.9,0.0,0.0,0.0,0.0,,,,39.7,42.6,43.4,43.8,55.6,24.0,15.4,1.0,,,,10.9,10.7,10.0,9.6,0.1,0.0,2.6,0.0,,,,True,True,True,False,False,True,True,False,0.95
2026-05-26 01:51:05,SMOKE,6,50.3,52.9,52.9,53.0,55.7,24.0,18.0,1.0,,,,52.2,55.6,56.4,56.8,55.7,24.0,18.0,1.0,,,,-1.9,-2.7,-3.5,-3.8,0.0,0.0,0.0,0.0,,,,39.8,42.7,43.5,43.9,55.6,24.0,15.4,1.0,,,,10.5,10.2,9.4,9.1,0.1,0.0,2.6,0.0,,,,True,True,True,False,False,True,True,False,0.95
2026-05-26 01:51:06,SMOKE,6,50.0,52.6,52.8,52.8,55.7,24.0,18.0,1.0,,,,52.0,55.3,55.9,56.2,55.7,24.0,18.0,1.0,,,,-2.0,-2.7,-3.1,-3.4,0.0,0.0,0.0,0.0,,,,40.0,42.9,43.7,44.1,55.6,24.0,15.5,1.0,,,,10.0,9.7,9.1,8.7,0.1,0.0,2.5,0.0,,,,True,True,True,False,False,True,True,False,0.95
2026-05-26 01:51:07,SMOKE,6,49.6,52.3,52.6,52.7,55.7,24.0,18.0,1.0,,,,51.8,54.9,55.4,55.7,55.7,24.0,18.0,1.0,,,,-2.2,-2.6,-2.8,-3.0,0.0,0.0,0.0,0.0,,,,40.1,43.0,43.8,44.2,55.6,24.0,15.5,1.0,,,,9.5,9.3,8.8,8.5,0.1,0.0,2.5,0.0,,,,True,True,True,False,False,True,True,False,0.95
2026-05-26 01:51:08,SMOKE,6,49.2,51.9,52.2,52.4,55.7,24.0,18.0,1.0,,,,51.6,54.6,55.0,55.2,55.7,24.0,18.0,1.0,,,,-2.4,-2.7,-2.8,-2.8,0.0,0.0,0.0,0.0,,,,40.3,43.2,44.0,44.4,55.6,24.0,15.5,1.0,,,,8.9,8.7,8.2,8.0,0.1,0.0,2.5,0.0,,,,True,True,True,False,False,True,True,False,0.95
2026-05-26 01:51:09,SMOKE,6,48.8,51.6,52.0,52.2,55.7,24.0,18.0,1.0,,,,51.3,54.2,54.6,54.7,55.7,24.0,18.0,1.0,,,,-2.5,-2.6,-2.6,-2.5,0.0,0.0,0.0,0.0,,,,40.4,43.3,44.1,44.5,55.6,24.0,15.5,1.0,,,,8.4,8.3,7.9,7.7,0.1,0.0,2.5,0.0,,,,True,True,True,False,False,True,True,False,0.95
2026-05-26 01:51:10,SMOKE,6,48.4,51.3,51.7,51.9,55.7,24.0,18.0,1.0,,,,51.0,53.9,54.2,54.3,55.7,24.0,18.0,1.0,,,,-2.6,-2.6,-2.5,-2.4,0.0,0.0,0.0,0.0,,,,40.6,43.5,44.3,44.7,55.6,24.0,15.5,1.0,,,,7.8,7.8,7.4,7.2,0.1,0.0,2.5,0.0,,,,True,True,True,False,False,True,True,False,0.94
2026-05-26 01:51:11,SMOKE,6,47.7,50.6,51.1,51.4,55.7,24.0,18.0,1.0,,,,50.7,53.5,53.8,53.9,55.7,24.0,18.0,1.0,,,,-3.0,-2.9,-2.7,-2.5,0.0,0.0,0.0,0.0,,,,40.7,43.7,44.4,44.9,55.6,24.0,15.5,1.0,,,,7.0,6.9,6.7,6.5,0.1,0.0,2.5,0.0,,,,True,True,True,False,False,True,True,False,0.94
2026-05-26 01:51:12,SMOKE,6,47.4,50.3,50.9,51.2,55.7,24.0,18.0,1.0,,,,50.4,53.1,53.4,53.6,55.7,24.0,18.0,1.0,,,,-3.0,-2.8,-2.5,-2.4,0.0,0.0,0.0,0.0,,,,40.8,43.8,44.6,45.0,55.6,24.0,15.5,1.0,,,,6.6,6.5,6.3,6.2,0.1,0.0,2.5,0.0,,,,True,True,True,False,False,True,True,False,0.94
2026-05-26 01:51:13,SMOKE,6,47.0,50.0,50.6,50.9,55.7,24.0,18.0,1.0,,,,50.0,52.8,53.1,53.2,55.7,24.0,18.0,1.0,,,,-3.0,-2.8,-2.5,-2.3,0.0,0.0,0.0,0.0,,,,41.0,43.9,44.7,45.2,55.6,24.0,15.5,1.0,,,,6.0,6.1,5.9,5.7,0.1,0.0,2.5,0.0,,,,True,True,True,False,False,True,True,False,0.94
2026-05-26 01:51:15,SMOKE,5,46.6,49.6,50.3,50.6,55.7,24.0,18.0,1.0,,,,49.6,52.4,52.7,52.9,55.7,24.0,18.0,1.0,,,,-3.0,-2.8,-2.4,-2.3,0.0,0.0,0.0,0.0,,,,41.1,44.1,44.9,45.3,55.6,24.0,15.6,1.0,,,,5.5,5.5,5.4,5.3,0.1,0.0,2.4,0.0,,,,True,True,True,False,False,False,True,False,0.94
2026-05-26 01:51:16,SMOKE,5,46.2,49.3,50.0,50.4,55.7,24.0,18.0,1.0,,,,49.2,52.0,52.4,52.5,55.7,24.0,18.0,1.0,,,,-3.0,-2.7,-2.4,-2.1,0.0,0.0,0.0,0.0,,,,41.2,44.2,45.0,45.4,55.6,24.0,15.6,1.0,,,,5.0,5.1,5.0,5.0,0.1,0.0,2.4,0.0,,,,True,True,True,False,False,False,True,False,0.94
2026-05-26 01:51:17,SMOKE,5,45.8,48.9,49.6,50.0,55.7,24.0,18.0,1.0,,,,48.9,51.7,52.0,52.2,55.7,24.0,18.0,1.0,,,,-3.1,-2.8,-2.4,-2.2,0.0,0.0,0.0,0.0,,,,41.4,44.4,45.2,45.6,55.6,24.0,15.6,1.0,,,,4.4,4.5,4.4,4.4,0.1,0.0,2.4,0.0,,,,True,True,True,False,False,False,True,False,0.94
2026-05-26 01:51:18,SMOKE,5,45.4,48.5,49.3,49.6,55.7,24.0,18.0,1.0,,,,48.5,51.3,51.7,51.9,55.7,24.0,18.0,1.0,,,,-3.1,-2.8,-2.4,-2.3,0.0,0.0,0.0,0.0,,,,41.5,44.5,45.3,45.7,55.6,24.0,15.6,1.0,,,,3.9,4.0,4.0,3.9,0.1,0.0,2.4,0.0,,,,True,True,True,False,False,False,True,False,0.94
2026-05-26 01:51:19,SMOKE,5,45.0,48.1,48.9,49.3,55.7,24.0,18.0,1.0,,,,48.1,50.9,51.4,51.6,55.7,24.0,18.0,1.0,,,,-3.1,-2.8,-2.5,-2.3,0.0,0.0,0.0,0.0,,,,41.6,44.7,45.5,45.9,55.6,24.0,15.6,1.0,,,,3.4,3.4,3.4,3.4,0.1,0.0,2.4,0.0,,,,True,True,True,False,False,False,True,False,0.94
2026-05-26 05:18:55,SMOKE,4,10.9,11.4,11.4,11.4,56.6,22.7,29.0,1.0,,,,8.9,9.3,9.3,9.3,56.5,22.7,29.0,1.0,,,,2.0,2.1,2.1,2.1,0.1,0.0,0.0,0.0,,,,7.6,7.9,7.9,7.9,56.6,22.7,28.6,1.0,,,,3.3,3.5,3.5,3.5,0.0,0.0,0.4,0.0,,,,True,True,True,False,False,False,False,False,0.96
2026-05-26 05:18:58,SMOKE,10,13.6,14.2,14.2,14.2,56.6,22.7,29.0,1.0,,,,9.1,9.5,9.5,9.5,56.5,22.7,29.0,1.0,,,,4.5,4.7,4.7,4.7,0.1,0.0,0.0,0.0,,,,7.6,7.9,7.9,7.9,56.6,22.7,28.6,1.0,,,,6.0,6.3,6.3,6.3,0.0,0.0,0.4,0.0,,,,True,True,True,True,True,True,True,False,0.96
2026-05-26 05:18:59,SMOKE,10,14.3,15.0,15.0,15.0,56.6,22.7,29.0,1.0,,,,9.5,9.9,9.9,9.9,56.5,22.7,29.0,1.0,,,,4.8,5.1,5.1,5.1,0.1,0.0,0.0,0.0,,,,7.6,8.0,8.0,8.0,56.6,22.7,28.6,1.0,,,,6.7,7.0,7.0,7.0,0.0,0.0,0.4,0.0,,,,True,True,True,True,True,True,True,False,0.95
2026-05-26 05:19:00,SMOKE,10,15.0,15.7,15.7,15.7,56.6,22.7,29.0,1.0,,,,9.9,10.4,10.4,10.4,56.5,22.7,29.0,1.0,,,,5.1,5.3,5.3,5.3,0.1,0.0,0.0,0.0,,,,7.6,8.0,8.0,8.0,56.6,22.7,28.6,1.0,,,,7.4,7.7,7.7,7.7,0.0,0.0,0.4,0.0,,,,True,True,True,True,True,True,True,False,0.96
2026-05-26 05:19:01,SMOKE,10,15.5,16.2,16.2,16.2,56.6,22.7,29.0,1.0,,,,10.4,10.9,10.9,10.9,56.5,22.7,29.0,1.0,,,,5.1,5.3,5.3,5.3,0.1,0.0,0.0,0.0,,,,7.6,8.0,8.0,8.0,56.6,22.7,28.6,1.0,,,,7.9,8.2,8.2,8.2,0.0,0.0,0.4,0.0,,,,True,True,True,True,True,True,True,False,0.96
2026-05-26 05:19:02,SMOKE,10,15.8,16.6,16.6,16.6,56.6,22.7,29.0,1.0,,,,10.9,11.4,11.4,11.4,56.6,22.7,29.0,1.0,,,,4.9,5.2,5.2,5.2,0.0,0.0,0.0,0.0,,,,7.7,8.0,8.0,8.0,56.6,22.7,28.6,1.0,,,,8.1,8.6,8.6,8.6,0.0,0.0,0.4,0.0,,,,True,True,True,True,True,True,True,False,0.95
2026-05-26 05:19:03,SMOKE,10,16.2,17.0,17.0,17.0,56.6,22.7,29.0,1.0,,,,11.4,12.0,12.0,12.0,56.6,22.7,29.0,1.0,,,,4.8,5.0,5.0,5.0,0.0,0.0,0.0,0.0,,,,7.7,8.1,8.1,8.1,56.6,22.7,28.6,1.0,,,,8.5,8.9,8.9,8.9,0.0,0.0,0.4,0.0,,,,True,True,True,True,True,True,True,False,0.95
2026-05-26 05:19:04,SMOKE,10,16.5,17.3,17.3,17.3,56.6,22.7,29.0,1.0,,,,12.0,12.5,12.5,12.5,56.6,22.7,29.0,1.0,,,,4.5,4.8,4.8,4.8,0.0,0.0,0.0,0.0,,,,7.7,8.1,8.1,8.1,56.6,22.7,28.6,1.0,,,,8.8,9.2,9.2,9.2,0.0,0.0,0.4,0.0,,,,True,True,True,True,True,True,True,False,0.95
2026-05-26 05:19:05,SMOKE,10,17.1,17.9,17.9,17.9,56.6,22.7,29.0,1.0,,,,12.5,13.1,13.1,13.1,56.6,22.7,29.0,1.0,,,,4.6,4.8,4.8,4.8,0.0,0.0,0.0,0.0,,,,7.7,8.1,8.1,8.1,56.6,22.7,28.6,1.0,,,,9.4,9.8,9.8,9.8,0.0,0.0,0.4,0.0,,,,True,True,True,True,True,True,True,False,0.96
2026-05-26 05:19:06,SMOKE,10,17.5,18.4,18.4,18.4,56.6,22.7,29.0,1.0,,,,13.1,13.7,13.7,13.7,56.6,22.7,29.0,1.0,,,,4.4,4.7,4.7,4.7,0.0,0.0,0.0,0.0,,,,7.8,8.2,8.2,8.2,56.6,22.7,28.6,1.0,,,,9.7,10.2,10.2,10.2,0.0,0.0,0.4,0.0,,,,True,True,True,True,True,True,True,False,0.95
2026-05-26 05:19:07,SMOKE,10,17.9,18.8,18.8,18.8,56.6,22.7,29.0,1.0,,,,13.7,14.3,14.3,14.3,56.6,22.7,29.0,1.0,,,,4.2,4.5,4.5,4.5,0.0,0.0,0.0,0.0,,,,7.8,8.2,8.2,8.2,56.6,22.7,28.6,1.0,,,,10.1,10.6,10.6,10.6,0.0,0.0,0.4,0.0,,,,True,True,True,True,True,True,True,False,0.95
2026-05-26 05:19:08,SMOKE,10,18.2,19.1,19.1,19.1,56.5,22.7,29.0,1.0,,,,14.3,15.0,15.0,15.0,56.6,22.7,29.0,1.0,,,,3.9,4.1,4.1,4.1,-0.1,0.0,0.0,0.0,,,,7.8,8.2,8.2,8.2,56.6,22.7,28.6,1.0,,,,10.4,10.9,10.9,10.9,-0.1,0.0,0.4,0.0,,,,True,True,True,True,True,True,True,False,0.95
2026-05-26 05:19:09,SMOKE,10,18.4,19.3,19.3,19.3,56.5,22.7,29.0,1.0,,,,14.9,15.6,15.6,15.6,56.6,22.7,29.0,1.0,,,,3.5,3.7,3.7,3.7,-0.1,0.0,0.0,0.0,,,,7.9,8.3,8.3,8.3,56.6,22.7,28.6,1.0,,,,10.5,11.0,11.0,11.0,-0.1,0.0,0.4,0.0,,,,True,True,True,True,True,True,True,False,0.95
2026-05-26 05:19:10,SMOKE,10,19.0,19.9,19.9,19.9,56.6,22.7,29.0,1.0,,,,15.5,16.3,16.3,16.3,56.6,22.7,29.0,1.0,,,,3.5,3.6,3.6,3.6,0.0,0.0,0.0,0.0,,,,7.9,8.3,8.3,8.3,56.6,22.7,28.6,1.0,,,,11.1,11.6,11.6,11.6,0.0,0.0,0.4,0.0,,,,True,True,True,True,True,True,True,False,0.95
2026-05-26 05:19:11,SMOKE,10,19.3,20.2,20.2,20.2,56.6,22.7,29.0,1.0,,,,16.1,16.9,16.9,16.9,56.6,22.7,29.0,1.0,,,,3.2,3.3,3.3,3.3,0.0,0.0,0.0,0.0,,,,7.9,8.3,8.3,8.3,56.6,22.7,28.6,1.0,,,,11.4,11.9,11.9,11.9,0.0,0.0,0.4,0.0,,,,True,True,True,True,True,True,True,False,0.96
2026-05-26 05:19:12,SMOKE,10,19.5,20.5,20.5,20.5,56.6,22.7,29.0,1.0,,,,16.7,17.5,17.5,17.5,56.6,22.7,29.0,1.0,,,,2.8,3.0,3.0,3.0,0.0,0.0,0.0,0.0,,,,8.0,8.4,8.4,8.4,56.6,22.7,28.6,1.0,,,,11.5,12.1,12.1,12.1,0.0,0.0,0.4,0.0,,,,True,True,True,True,True,True,True,False,0.95
2026-05-26 05:19:13,SMOKE,10,19.8,20.7,20.7,20.7,56.6,22.7,29.0,1.0,,,,17.2,18.0,18.0,18.0,56.6,22.7,29.0,1.0,,,,2.6,2.7,2.7,2.7,0.0,0.0,0.0,0.0,,,,8.0,8.4,8.4,8.4,56.6,22.7,28.6,1.0,,,,11.8,12.3,12.3,12.3,0.0,0.0,0.4,0.0,,,,True,True,True,True,True,True,True,False,0.96
2026-05-26 05:19:14,SMOKE,10,20.0,21.0,21.0,21.0,56.6,22.7,29.0,1.0,,,,17.6,18.4,18.4,18.4,56.6,22.7,29.0,1.0,,,,2.4,2.6,2.6,2.6,0.0,0.0,0.0,0.0,,,,8.1,8.5,8.5,8.5,56.6,22.7,28.6,1.0,,,,11.9,12.5,12.5,12.5,0.0,0.0,0.4,0.0,,,,True,True,True,True,True,True,True,False,0.95
2026-05-26 05:19:15,SMOKE,10,20.3,21.3,21.3,21.4,56.6,22.7,29.0,1.0,,,,17.9,18.8,18.8,18.8,56.6,22.7,29.0,1.0,,,,2.4,2.5,2.5,2.6,0.0,0.0,0.0,0.0,,,,8.1,8.5,8.5,8.5,56.6,22.7,28.6,1.0,,,,12.2,12.8,12.8,12.9,0.0,0.0,0.4,0.0,,,,True,True,True,True,True,True,True,False,0.95
2026-05-26 05:19:16,SMOKE,10,20.6,21.7,21.7,21.7,56.5,22.7,29.0,1.0,,,,18.2,19.1,19.1,19.2,56.6,22.7,29.0,1.0,,,,2.4,2.6,2.6,2.5,-0.1,0.0,0.0,0.0,,,,8.1,8.5,8.5,8.5,56.6,22.7,28.6,1.0,,,,12.5,13.2,13.2,13.2,-0.1,0.0,0.4,0.0,,,,True,True,True,True,True,True,True,False,0.95
2026-05-26 05:19:17,SMOKE,10,20.9,22.1,22.1,22.2,56.6,22.7,29.0,1.0,,,,18.6,19.5,19.5,19.5,56.6,22.7,29.0,1.0,,,,2.3,2.6,2.6,2.7,0.0,0.0,0.0,0.0,,,,8.2,8.6,8.6,8.6,56.6,22.7,28.6,1.0,,,,12.7,13.5,13.5,13.6,0.0,0.0,0.4,0.0,,,,True,True,True,True,True,True,True,False,0.95
2026-05-26 05:19:18,SMOKE,10,22.0,23.2,23.3,23.3,56.5,22.7,29.0,1.0,,,,18.9,19.9,19.9,19.9,56.6,22.7,29.0,1.0,,,,3.1,3.3,3.4,3.4,-0.1,0.0,0.0,0.0,,,,8.2,8.6,8.6,8.6,56.6,22.7,28.7,1.0,,,,13.8,14.6,14.7,14.7,-0.1,0.0,0.3,0.0,,,,True,True,True,True,True,True,True,False,0.95
2026-05-26 05:19:19,SMOKE,10,22.6,23.9,24.0,24.1,56.5,22.7,29.0,1.0,,,,19.3,20.3,20.3,20.3,56.6,22.7,29.0,1.0,,,,3.3,3.6,3.7,3.8,-0.1,0.0,0.0,0.0,,,,8.3,8.7,8.7,8.7,56.6,22.7,28.7,1.0,,,,14.3,15.2,15.3,15.4,-0.1,0.0,0.3,0.0,,,,True,True,True,True,True,True,True,False,0.95
2026-05-26 05:19:20,SMOKE,10,23.1,24.4,24.6,24.7,56.5,22.7,29.0,1.0,,,,19.7,20.7,20.7,20.8,56.6,22.7,29.0,1.0,,,,3.4,3.7,3.9,3.9,-0.1,0.0,0.0,0.0,,,,8.3,8.7,8.7,8.7,56.6,22.7,28.7,1.0,,,,14.8,15.7,15.9,16.0,-0.1,0.0,0.3,0.0,,,,True,True,True,True,True,True,True,False,0.95
2026-05-26 05:19:21,SMOKE,10,23.5,24.9,25.1,25.2,56.5,22.7,29.0,1.0,,,,20.1,21.2,21.2,21.2,56.6,22.7,29.0,1.0,,,,3.4,3.7,3.9,4.0,-0.1,0.0,0.0,0.0,,,,8.4,8.8,8.8,8.8,56.6,22.7,28.7,1.0,,,,15.1,16.1,16.3,16.4,-0.1,0.0,0.3,0.0,,,,True,True,True,True,True,True,True,False,0.94
2026-05-26 05:19:22,SMOKE,10,23.8,25.1,25.3,25.4,56.5,22.7,29.0,1.0,,,,20.5,21.6,21.6,21.7,56.6,22.7,29.0,1.0,,,,3.3,3.5,3.7,3.7,-0.1,0.0,0.0,0.0,,,,8.4,8.8,8.8,8.9,56.6,22.7,28.7,1.0,,,,15.4,16.3,16.5,16.5,-0.1,0.0,0.3,0.0,,,,True,True,True,True,True,True,True,False,0.95
2026-05-26 05:19:23,SMOKE,10,24.0,25.4,25.6,25.6,56.5,22.7,29.0,1.0,,,,20.9,22.0,22.1,22.1,56.6,22.7,29.0,1.0,,,,3.1,3.4,3.5,3.5,-0.1,0.0,0.0,0.0,,,,8.5,8.9,8.9,8.9,56.6,22.7,28.7,1.0,,,,15.5,16.5,16.7,16.7,-0.1,0.0,0.3,0.0,,,,True,True,True,True,True,True,True,False,0.94
2026-05-26 05:19:24,SMOKE,10,24.3,25.7,25.8,25.9,56.5,22.7,29.0,1.0,,,,21.3,22.4,22.5,22.6,56.6,22.7,29.0,1.0,,,,3.0,3.3,3.3,3.3,-0.1,0.0,0.0,0.0,,,,8.5,9.0,9.0,9.0,56.6,22.7,28.7,1.0,,,,15.8,16.7,16.8,16.9,-0.1,0.0,0.3,0.0,,,,True,True,True,True,True,True,True,False,0.95
2026-05-26 05:19:25,SMOKE,10,24.9,26.3,26.4,26.5,56.5,22.7,29.0,1.0,,,,21.7,22.9,22.9,23.0,56.5,22.7,29.0,1.0,,,,3.2,3.4,3.5,3.5,0.0,0.0,0.0,0.0,,,,8.6,9.0,9.0,9.0,56.6,22.7,28.7,1.0,,,,16.3,17.3,17.4,17.5,-0.1,0.0,0.3,0.0,,,,True,True,True,True,True,True,True,False,0.95
2026-05-26 05:19:26,SMOKE,10,25.4,26.8,26.9,26.9,56.5,22.7,29.0,1.0,,,,22.1,23.3,23.4,23.4,56.5,22.7,29.0,1.0,,,,3.3,3.5,3.5,3.5,0.0,0.0,0.0,0.0,,,,8.6,9.1,9.1,9.1,56.6,22.7,28.7,1.0,,,,16.8,17.7,17.8,17.8,-0.1,0.0,0.3,0.0,,,,True,True,True,True,True,True,True,False,0.95
2026-05-26 05:19:27,SMOKE,10,25.8,27.3,27.4,27.5,56.5,22.7,29.0,1.0,,,,22.5,23.8,23.8,23.9,56.5,22.7,29.0,1.0,,,,3.3,3.5,3.6,3.6,0.0,0.0,0.0,0.0,,,,8.7,9.1,9.1,9.1,56.6,22.7,28.7,1.0,,,,17.1,18.2,18.3,18.4,-0.1,0.0,0.3,0.0,,,,True,True,True,True,True,True,True,False,0.95
2026-05-26 05:19:28,SMOKE,10,26.1,27.6,27.8,27.9,56.5,22.7,29.0,1.0,,,,22.9,24.2,24.3,24.4,56.5,22.7,29.0,1.0,,,,3.2,3.4,3.5,3.5,0.0,0.0,0.0,0.0,,,,8.8,9.2,9.2,9.2,56.6,22.7,28.7,1.0,,,,17.3,18.4,18.6,18.7,-0.1,0.0,0.3,0.0,,,,True,True,True,True,True,True,True,False,0.95
2026-05-26 05:19:29,SMOKE,10,26.4,27.9,28.0,28.1,56.5,22.7,29.0,1.0,,,,23.4,24.7,24.8,24.9,56.5,22.7,29.0,1.0,,,,3.0,3.2,3.2,3.2,0.0,0.0,0.0,0.0,,,,8.8,9.3,9.3,9.3,56.6,22.7,28.7,1.0,,,,17.6,18.6,18.7,18.8,-0.1,0.0,0.3,0.0,,,,True,True,True,True,True,True,True,False,0.95
2026-05-26 05:19:30,SMOKE,10,26.7,28.2,28.4,28.5,56.5,22.7,29.0,1.0,,,,23.8,25.2,25.3,25.4,56.5,22.7,29.0,1.0,,,,2.9,3.0,3.1,3.1,0.0,0.0,0.0,0.0,,,,8.9,9.3,9.3,9.3,56.6,22.7,28.7,1.0,,,,17.8,18.9,19.1,19.2,-0.1,0.0,0.3,0.0,,,,True,True,True,True,True,True,True,False,0.95
2026-05-26 05:19:31,SMOKE,10,27.0,28.6,28.8,28.9,56.5,22.7,29.0,1.0,,,,24.2,25.6,25.8,25.8,56.5,22.7,29.0,1.0,,,,2.8,3.0,3.0,3.1,0.0,0.0,0.0,0.0,,,,8.9,9.4,9.4,9.4,56.6,22.7,28.7,1.0,,,,18.1,19.2,19.4,19.5,-0.1,0.0,0.3,0.0,,,,True,True,True,True,True,True,True,False,0.94
2026-05-26 05:19:32,SMOKE,10,27.4,29.1,29.3,29.5,56.5,22.7,29.0,1.0,,,,24.7,26.1,26.2,26.3,56.5,22.7,29.0,1.0,,,,2.7,3.0,3.1,3.2,0.0,0.0,0.0,0.0,,,,9.0,9.5,9.5,9.5,56.6,22.7,28.7,1.0,,,,18.4,19.6,19.8,20.0,-0.1,0.0,0.3,0.0,,,,True,True,True,True,True,True,True,False,0.94
2026-05-26 05:19:33,SMOKE,10,27.8,29.6,29.8,30.0,56.5,22.7,29.0,1.0,,,,25.1,26.5,26.7,26.8,56.5,22.7,29.0,1.0,,,,2.7,3.1,3.1,3.2,0.0,0.0,0.0,0.0,,,,9.1,9.5,9.5,9.5,56.6,22.7,28.7,1.0,,,,18.7,20.1,20.3,20.5,-0.1,0.0,0.3,0.0,,,,True,True,True,True,True,True,True,False,0.94
2026-05-26 05:19:34,SMOKE,10,28.1,29.9,30.2,30.4,56.5,22.7,29.0,1.0,,,,25.4,26.9,27.1,27.2,56.5,22.7,29.0,1.0,,,,2.7,3.0,3.1,3.2,0.0,0.0,0.0,0.0,,,,9.1,9.6,9.6,9.6,56.6,22.7,28.7,1.0,,,,19.0,20.3,20.6,20.8,-0.1,0.0,0.3,0.0,,,,True,True,True,True,True,True,True,False,0.94
2026-05-26 05:19:36,SMOKE,10,28.5,30.4,30.7,30.9,56.5,22.7,29.0,1.0,,,,25.8,27.3,27.5,27.6,56.5,22.7,29.0,1.0,,,,2.7,3.1,3.2,3.3,0.0,0.0,0.0,0.0,,,,9.2,9.7,9.7,9.7,56.6,22.7,28.7,1.0,,,,19.3,20.7,21.0,21.2,-0.1,0.0,0.3,0.0,,,,True,True,True,True,True,True,True,False,0.94
2026-05-26 05:19:37,SMOKE,10,28.9,30.8,31.2,31.4,56.5,22.7,29.0,1.0,,,,26.2,27.7,27.9,28.0,56.5,22.7,29.0,1.0,,,,2.7,3.1,3.3,3.4,0.0,0.0,0.0,0.0,,,,9.3,9.7,9.8,9.8,56.6,22.7,28.7,1.0,,,,19.6,21.1,21.4,21.6,-0.1,0.0,0.3,0.0,,,,True,True,True,True,True,True,True,False,0.94
2026-05-26 05:19:38,SMOKE,10,29.2,31.2,31.6,31.8,56.5,22.7,29.0,1.0,,,,26.5,28.1,28.3,28.4,56.5,22.7,29.0,1.0,,,,2.7,3.1,3.3,3.4,0.0,0.0,0.0,0.0,,,,9.3,9.8,9.8,9.8,56.6,22.7,28.7,1.0,,,,19.9,21.4,21.8,22.0,-0.1,0.0,0.3,0.0,,,,True,True,True,True,True,True,True,False,0.94
2026-05-26 05:19:39,SMOKE,10,29.6,31.6,32.0,32.3,56.5,22.7,29.0,1.0,,,,26.9,28.5,28.7,28.9,56.5,22.7,29.0,1.0,,,,2.7,3.1,3.3,3.4,0.0,0.0,0.0,0.0,,,,9.4,9.9,9.9,9.9,56.6,22.7,28.7,1.0,,,,20.2,21.7,22.1,22.4,-0.1,0.0,0.3,0.0,,,,True,True,True,True,True,True,True,False,0.94
2026-05-26 05:19:40,SMOKE,10,29.9,32.0,32.4,32.7,56.5,22.7,29.0,1.0,,,,27.3,28.9,29.2,29.3,56.5,22.7,29.0,1.0,,,,2.6,3.1,3.2,3.4,0.0,0.0,0.0,0.0,,,,9.5,10.0,10.0,10.0,56.6,22.7,28.7,1.0,,,,20.4,22.0,22.4,22.7,-0.1,0.0,0.3,0.0,,,,True,True,True,True,True,True,True,False,0.93
2026-05-26 05:19:41,SMOKE,10,30.3,32.4,32.9,33.2,56.5,22.7,29.0,1.0,,,,27.6,29.4,29.6,29.8,56.5,22.7,29.0,1.0,,,,2.7,3.0,3.3,3.4,0.0,0.0,0.0,0.0,,,,9.6,10.1,10.1,10.1,56.6,22.7,28.7,1.0,,,,20.7,22.3,22.8,23.1,-0.1,0.0,0.3,0.0,,,,True,True,True,True,True,True,True,False,0.94
2026-05-26 05:19:42,SMOKE,10,30.6,32.8,33.3,33.6,56.5,22.7,29.0,1.0,,,,28.0,29.8,30.0,30.2,56.5,22.7,29.0,1.0,,,,2.6,3.0,3.3,3.4,0.0,0.0,0.0,0.0,,,,9.6,10.1,10.2,10.2,56.6,22.7,28.7,1.0,,,,21.0,22.7,23.1,23.4,-0.1,0.0,0.3,0.0,,,,True,True,True,True,True,True,True,False,0.93
2026-05-26 05:19:43,SMOKE,10,31.0,33.2,33.7,34.0,56.5,22.7,29.0,1.0,,,,28.3,30.2,30.5,30.7,56.5,22.7,29.0,1.0,,,,2.7,3.0,3.2,3.3,0.0,0.0,0.0,0.0,,,,9.7,10.2,10.2,10.2,56.6,22.7,28.7,1.0,,,,21.3,23.0,23.5,23.8,-0.1,0.0,0.3,0.0,,,,True,True,True,True,True,True,True,False,0.93
2026-05-26 05:19:44,SMOKE,10,31.3,33.5,34.1,34.4,56.5,22.7,29.0,1.0,,,,28.7,30.6,30.9,31.1,56.5,22.7,29.0,1.0,,,,2.6,2.9,3.2,3.3,0.0,0.0,0.0,0.0,,,,9.8,10.3,10.3,10.3,56.6,22.7,28.7,1.0,,,,21.5,23.2,23.8,24.1,-0.1,0.0,0.3,0.0,,,,True,True,True,True,True,True,True,False,0.93
2026-05-26 05:19:45,SMOKE,10,31.5,33.8,34.4,34.7,56.5,22.7,29.0,1.0,,,,29.0,30.9,31.3,31.5,56.5,22.7,29.0,1.0,,,,2.5,2.9,3.1,3.2,0.0,0.0,0.0,0.0,,,,9.9,10.4,10.4,10.4,56.6,22.7,28.7,1.0,,,,21.6,23.4,24.0,24.3,-0.1,0.0,0.3,0.0,,,,True,True,True,True,True,True,True,False,0.93
2026-05-26 05:19:46,SMOKE,10,31.8,33.9,34.4,34.7,56.5,22.7,29.0,1.0,,,,29.4,31.3,31.7,32.0,56.5,22.7,29.0,1.0,,,,2.4,2.6,2.7,2.7,0.0,0.0,0.0,0.0,,,,10.0,10.5,10.5,10.5,56.6,22.7,28.7,1.0,,,,21.8,23.4,23.9,24.2,-0.1,0.0,0.3,0.0,,,,True,True,True,True,True,True,True,False,0.94
2026-05-26 05:19:47,SMOKE,10,32.0,34.2,34.7,35.0,56.5,22.7,29.0,1.0,,,,29.7,31.7,32.1,32.4,56.5,22.7,29.0,1.0,,,,2.3,2.5,2.6,2.6,0.0,0.0,0.0,0.0,,,,10.0,10.6,10.6,10.6,56.6,22.7,28.7,1.0,,,,22.0,23.6,24.1,24.4,-0.1,0.0,0.3,0.0,,,,True,True,True,True,True,True,True,False,0.94
2026-05-26 05:19:48,SMOKE,10,32.3,34.5,35.0,35.3,56.5,22.7,29.0,1.0,,,,30.0,32.1,32.5,32.8,56.5,22.7,29.0,1.0,,,,2.3,2.4,2.5,2.5,0.0,0.0,0.0,0.0,,,,10.1,10.6,10.7,10.7,56.6,22.7,28.7,1.0,,,,22.2,23.9,24.3,24.6,-0.1,0.0,0.3,0.0,,,,True,True,True,True,True,True,True,False,0.94
2026-05-26 05:19:49,SMOKE,10,32.6,34.9,35.4,35.7,56.5,22.7,29.0,1.0,,,,30.4,32.4,32.9,33.2,56.5,22.7,29.0,1.0,,,,2.2,2.5,2.5,2.5,0.0,0.0,0.0,0.0,,,,10.2,10.7,10.8,10.8,56.6,22.7,28.8,1.0,,,,22.4,24.2,24.6,24.9,-0.1,0.0,0.2,0.0,,,,True,True,True,True,True,True,True,False,0.93
2026-05-26 05:19:50,SMOKE,10,33.0,35.3,35.8,36.1,56.5,22.7,29.0,1.0,,,,30.7,32.8,33.3,33.5,56.5,22.7,29.0,1.0,,,,2.3,2.5,2.5,2.6,0.0,0.0,0.0,0.0,,,,10.3,10.8,10.9,10.9,56.6,22.7,28.8,1.0,,,,22.7,24.5,24.9,25.2,-0.1,0.0,0.2,0.0,,,,True,True,True,True,True,True,True,False,0.93
2026-05-26 05:19:51,SMOKE,10,33.7,36.1,36.6,36.9,56.5,22.7,29.0,1.0,,,,31.0,33.1,33.6,33.9,56.5,22.7,29.0,1.0,,,,2.7,3.0,3.0,3.0,0.0,0.0,0.0,0.0,,,,10.4,10.9,11.0,11.0,56.6,22.7,28.8,1.0,,,,23.3,25.2,25.6,25.9,-0.1,0.0,0.2,0.0,,,,True,True,True,True,True,True,True,False,0.93
2026-05-26 05:19:52,SMOKE,10,34.6,37.0,37.6,38.0,56.5,22.7,29.0,1.0,,,,31.3,33.5,34.0,34.3,56.5,22.7,29.0,1.0,,,,3.3,3.5,3.6,3.7,0.0,0.0,0.0,0.0,,,,10.5,11.0,11.1,11.1,56.6,22.7,28.8,1.0,,,,24.1,26.0,26.5,26.9,-0.1,0.0,0.2,0.0,,,,True,True,True,True,True,True,True,False,0.94
2026-05-26 05:19:53,SMOKE,10,35.6,38.2,38.8,39.2,56.5,22.7,29.0,1.0,,,,31.7,33.9,34.5,34.8,56.5,22.7,29.0,1.0,,,,3.9,4.3,4.3,4.4,0.0,0.0,0.0,0.0,,,,10.5,11.1,11.2,11.2,56.6,22.7,28.8,1.0,,,,25.1,27.1,27.6,28.0,-0.1,0.0,0.2,0.0,,,,True,True,True,True,True,True,True,False,0.93
2026-05-26 05:19:54,SMOKE,10,36.9,39.6,40.3,40.7,56.5,22.7,29.0,1.0,,,,32.2,34.4,34.9,35.2,56.5,22.7,29.0,1.0,,,,4.7,5.2,5.4,5.5,0.0,0.0,0.0,0.0,,,,10.6,11.2,11.3,11.3,56.6,22.7,28.8,1.0,,,,26.3,28.4,29.0,29.4,-0.1,0.0,0.2,0.0,,,,True,True,True,True,True,True,True,False,0.93
2026-05-26 05:19:55,SMOKE,10,37.4,40.1,40.8,41.2,56.5,22.7,29.0,1.0,,,,32.7,35.0,35.5,35.8,56.5,22.7,29.0,1.0,,,,4.7,5.1,5.3,5.4,0.0,0.0,0.0,0.0,,,,10.7,11.3,11.4,11.4,56.6,22.7,28.8,1.0,,,,26.7,28.8,29.4,29.8,-0.1,0.0,0.2,0.0,,,,True,True,True,True,True,True,True,False,0.93
2026-05-26 05:19:56,SMOKE,10,37.7,40.4,41.2,41.6,56.5,22.7,29.0,1.0,,,,33.2,35.5,36.1,36.4,56.5,22.7,29.0,1.0,,,,4.5,4.9,5.1,5.2,0.0,0.0,0.0,0.0,,,,10.8,11.4,11.5,11.5,56.6,22.7,28.8,1.0,,,,26.9,29.0,29.7,30.1,-0.1,0.0,0.2,0.0,,,,True,True,True,True,True,True,True,False,0.93
2026-05-26 05:19:57,SMOKE,10,38.0,40.8,41.6,41.9,56.5,22.7,29.0,1.0,,,,33.7,36.0,36.6,37.0,56.5,22.7,29.0,1.0,,,,4.3,4.8,5.0,4.9,0.0,0.0,0.0,0.0,,,,10.9,11.5,11.6,11.6,56.6,22.7,28.8,1.0,,,,27.1,29.3,30.0,30.3,-0.1,0.0,0.2,0.0,,,,True,True,True,True,True,True,True,False,0.93
2026-05-26 05:19:58,SMOKE,10,38.5,41.3,42.1,42.5,56.5,22.7,29.0,1.0,,,,34.2,36.6,37.2,37.5,56.5,22.7,29.0,1.0,,,,4.3,4.7,4.9,5.0,0.0,0.0,0.0,0.0,,,,11.0,11.6,11.7,11.7,56.6,22.7,28.8,1.0,,,,27.5,29.7,30.4,30.8,-0.1,0.0,0.2,0.0,,,,True,True,True,True,True,True,True,False,0.93
2026-05-26 05:19:59,SMOKE,10,38.8,41.7,42.5,42.9,56.5,22.7,29.0,1.0,,,,34.7,37.1,37.8,38.1,56.5,22.7,29.0,1.0,,,,4.1,4.6,4.7,4.8,0.0,0.0,0.0,0.0,,,,11.1,11.8,11.8,11.8,56.6,22.7,28.8,1.0,,,,27.7,29.9,30.7,31.1,-0.1,0.0,0.2,0.0,,,,True,True,True,True,True,True,True,False,0.93
2026-05-26 05:20:00,SMOKE,10,39.1,42.0,42.8,43.2,56.5,22.7,29.0,1.0,,,,35.2,37.7,38.3,38.7,56.5,22.7,29.0,1.0,,,,3.9,4.3,4.5,4.5,0.0,0.0,0.0,0.0,,,,11.2,11.9,11.9,12.0,56.6,22.7,28.8,1.0,,,,27.9,30.1,30.9,31.2,-0.1,0.0,0.2,0.0,,,,True,True,True,True,True,True,True,False,0.93
2026-05-26 05:20:01,SMOKE,10,39.5,42.4,43.2,43.7,56.5,22.7,29.0,1.0,,,,35.7,38.3,38.9,39.3,56.5,22.7,29.0,1.0,,,,3.8,4.1,4.3,4.4,0.0,0.0,0.0,0.0,,,,11.4,12.0,12.0,12.1,56.6,22.7,28.8,1.0,,,,28.1,30.4,31.2,31.6,-0.1,0.0,0.2,0.0,,,,True,True,True,True,True,True,True,False,0.93
2026-05-26 05:20:02,SMOKE,10,39.7,42.7,43.6,44.0,56.5,22.7,29.0,1.0,,,,36.3,38.9,39.6,39.9,56.5,22.7,29.0,1.0,,,,3.4,3.8,4.0,4.1,0.0,0.0,0.0,0.0,,,,11.5,12.1,12.2,12.2,56.6,22.7,28.8,1.0,,,,28.2,30.6,31.4,31.8,-0.1,0.0,0.2,0.0,,,,True,True,True,True,True,True,True,False,0.93
2026-05-26 05:20:03,SMOKE,10,40.1,43.2,44.1,44.5,56.5,22.7,29.0,1.0,,,,36.8,39.5,40.2,40.5,56.5,22.7,29.0,1.0,,,,3.3,3.7,3.9,4.0,0.0,0.0,0.0,0.0,,,,11.6,12.2,12.3,12.3,56.6,22.7,28.8,1.0,,,,28.5,31.0,31.8,32.2,-0.1,0.0,0.2,0.0,,,,True,True,True,True,True,True,True,False,0.93
2026-05-26 05:20:04,SMOKE,10,40.4,43.5,44.5,44.9,56.5,22.7,29.0,1.0,,,,37.3,40.1,40.8,41.2,56.5,22.7,29.0,1.0,,,,3.1,3.4,3.7,3.7,0.0,0.0,0.0,0.0,,,,11.7,12.3,12.4,12.4,56.6,22.7,28.8,1.0,,,,28.7,31.2,32.1,32.5,-0.1,0.0,0.2,0.0,,,,True,True,True,True,True,True,True,False,0.93
2026-05-26 05:20:05,SMOKE,10,40.8,43.9,44.8,45.3,56.5,22.7,29.0,1.0,,,,37.9,40.6,41.4,41.8,56.5,22.7,29.0,1.0,,,,2.9,3.3,3.4,3.5,0.0,0.0,0.0,0.0,,,,11.8,12.4,12.5,12.6,56.6,22.7,28.8,1.0,,,,29.0,31.5,32.3,32.7,-0.1,0.0,0.2,0.0,,,,True,True,True,True,True,True,True,False,0.93
2026-05-26 05:20:06,SMOKE,10,41.1,44.3,45.2,45.7,56.5,22.7,29.0,1.0,,,,38.4,41.2,42.0,42.4,56.5,22.7,29.0,1.0,,,,2.7,3.1,3.2,3.3,0.0,0.0,0.0,0.0,,,,11.9,12.6,12.6,12.7,56.6,22.7,28.8,1.0,,,,29.2,31.7,32.6,33.0,-0.1,0.0,0.2,0.0,,,,True,True,True,True,True,True,True,False,0.93
2026-05-26 05:20:07,SMOKE,10,41.4,44.6,45.6,46.1,56.5,22.7,29.0,1.0,,,,38.8,41.7,42.5,42.9,56.5,22.7,29.0,1.0,,,,2.6,2.9,3.1,3.2,0.0,0.0,0.0,0.0,,,,12.0,12.7,12.8,12.8,56.6,22.7,28.8,1.0,,,,29.4,31.9,32.8,33.3,-0.1,0.0,0.2,0.0,,,,True,True,True,True,True,True,True,False,0.93
2026-05-26 05:20:08,SMOKE,10,41.7,44.9,45.9,46.4,56.5,22.7,29.0,1.0,,,,39.2,42.2,43.0,43.4,56.5,22.7,29.0,1.0,,,,2.5,2.7,2.9,3.0,0.0,0.0,0.0,0.0,,,,12.1,12.8,12.9,12.9,56.6,22.7,28.8,1.0,,,,29.6,32.1,33.0,33.5,-0.1,0.0,0.2,0.0,,,,True,True,True,True,True,True,True,False,0.93
2026-05-26 05:20:09,SMOKE,10,42.0,45.3,46.3,46.9,56.5,22.7,29.0,1.0,,,,39.6,42.6,43.4,43.9,56.5,22.7,29.0,1.0,,,,2.4,2.7,2.9,3.0,0.0,0.0,0.0,0.0,,,,12.2,12.9,13.0,13.1,56.6,22.7,28.8,1.0,,,,29.8,32.4,33.3,33.8,-0.1,0.0,0.2,0.0,,,,True,True,True,True,True,True,True,False,0.93
2026-05-26 05:20:10,SMOKE,10,42.4,45.7,46.8,47.3,56.5,22.7,29.0,1.0,,,,39.9,42.9,43.8,44.3,56.5,22.7,29.0,1.0,,,,2.5,2.8,3.0,3.0,0.0,0.0,0.0,0.0,,,,12.3,13.1,13.1,13.2,56.6,22.7,28.8,1.0,,,,30.1,32.6,33.7,34.1,-0.1,0.0,0.2,0.0,,,,True,True,True,True,True,True,True,False,0.93
2026-05-26 05:20:11,SMOKE,10,42.7,46.1,47.2,47.7,56.5,22.7,29.0,1.0,,,,40.2,43.3,44.2,44.7,56.5,22.7,29.0,1.0,,,,2.5,2.8,3.0,3.0,0.0,0.0,0.0,0.0,,,,12.5,13.2,13.3,13.3,56.6,22.7,28.8,1.0,,,,30.2,32.9,33.9,34.4,-0.1,0.0,0.2,0.0,,,,True,True,True,True,True,True,True,False,0.93
2026-05-26 05:20:12,SMOKE,10,43.0,46.4,47.5,48.1,56.5,22.7,29.0,1.0,,,,40.6,43.7,44.6,45.1,56.5,22.7,29.0,1.0,,,,2.4,2.7,2.9,3.0,0.0,0.0,0.0,0.0,,,,12.6,13.3,13.4,13.5,56.6,22.7,28.8,1.0,,,,30.4,33.1,34.1,34.6,-0.1,0.0,0.2,0.0,,,,True,True,True,True,True,True,True,False,0.93
2026-05-26 05:20:14,SMOKE,10,43.3,46.8,47.9,48.4,56.5,22.7,29.0,1.0,,,,40.9,44.1,45.0,45.5,56.5,22.7,29.0,1.0,,,,2.4,2.7,2.9,2.9,0.0,0.0,0.0,0.0,,,,12.7,13.4,13.5,13.6,56.6,22.7,28.8,1.0,,,,30.6,33.4,34.4,34.8,-0.1,0.0,0.2,0.0,,,,True,True,True,True,True,True,True,False,0.93
2026-05-26 05:20:15,SMOKE,10,43.8,47.3,48.5,49.1,56.5,22.7,29.0,1.0,,,,41.2,44.4,45.4,45.9,56.5,22.7,29.0,1.0,,,,2.6,2.9,3.1,3.2,0.0,0.0,0.0,0.0,,,,12.8,13.6,13.7,13.7,56.6,22.7,28.8,1.0,,,,31.0,33.7,34.8,35.4,-0.1,0.0,0.2,0.0,,,,True,True,True,True,True,True,True,False,0.93
2026-05-26 05:20:16,SMOKE,10,44.1,47.6,48.8,49.4,56.5,22.7,29.0,1.0,,,,41.6,44.8,45.8,46.3,56.5,22.7,29.0,1.0,,,,2.5,2.8,3.0,3.1,0.0,0.0,0.0,0.0,,,,12.9,13.7,13.8,13.9,56.6,22.7,28.8,1.0,,,,31.2,33.9,35.0,35.5,-0.1,0.0,0.2,0.0,,,,True,True,True,True,True,True,True,False,0.93
2026-05-26 05:20:17,SMOKE,10,44.3,47.9,49.1,49.7,56.5,22.7,29.0,1.0,,,,41.9,45.2,46.2,46.7,56.5,22.7,29.0,1.0,,,,2.4,2.7,2.9,3.0,0.0,0.0,0.0,0.0,,,,13.1,13.8,13.9,14.0,56.6,22.7,28.8,1.0,,,,31.2,34.1,35.2,35.7,-0.1,0.0,0.2,0.0,,,,True,True,True,True,True,True,True,False,0.92
2026-05-26 05:20:18,SMOKE,10,44.5,48.1,49.3,49.9,56.5,22.7,29.0,1.0,,,,42.2,45.5,46.6,47.1,56.5,22.7,29.0,1.0,,,,2.3,2.6,2.7,2.8,0.0,0.0,0.0,0.0,,,,13.2,14.0,14.1,14.1,56.6,22.7,28.8,1.0,,,,31.3,34.1,35.2,35.8,-0.1,0.0,0.2,0.0,,,,True,True,True,True,True,True,True,False,0.93
2026-05-26 05:20:19,SMOKE,10,44.9,48.6,49.8,50.4,56.5,22.7,29.0,1.0,,,,42.5,45.9,47.0,47.5,56.5,22.7,29.0,1.0,,,,2.4,2.7,2.8,2.9,0.0,0.0,0.0,0.0,,,,13.3,14.1,14.2,14.3,56.6,22.7,28.8,1.0,,,,31.6,34.5,35.6,36.1,-0.1,0.0,0.2,0.0,,,,True,True,True,True,True,True,True,False,0.92
2026-05-26 05:20:20,SMOKE,10,45.5,49.2,50.4,51.0,56.5,22.7,29.0,1.0,,,,42.9,46.2,47.3,47.9,56.5,22.7,29.0,1.0,,,,2.6,3.0,3.1,3.1,0.0,0.0,0.0,0.0,,,,13.4,14.2,14.4,14.4,56.6,22.7,28.9,1.0,,,,32.1,35.0,36.0,36.6,-0.1,0.0,0.1,0.0,,,,True,True,True,True,True,True,True,False,0.92
2026-05-26 05:20:21,SMOKE,10,46.0,49.8,51.0,51.7,56.5,22.7,29.0,1.0,,,,43.2,46.6,47.7,48.3,56.5,22.7,29.0,1.0,,,,2.8,3.2,3.3,3.4,0.0,0.0,0.0,0.0,,,,13.6,14.4,14.5,14.6,56.6,22.7,28.9,1.0,,,,32.4,35.4,36.5,37.1,-0.1,0.0,0.1,0.0,,,,True,True,True,True,True,True,True,False,0.92
2026-05-26 05:20:22,SMOKE,10,46.7,50.5,51.8,52.4,56.5,22.7,29.0,1.0,,,,43.5,47.0,48.1,48.7,56.5,22.7,29.0,1.0,,,,3.2,3.5,3.7,3.7,0.0,0.0,0.0,0.0,,,,13.7,14.5,14.6,14.7,56.6,22.7,28.9,1.0,,,,33.0,36.0,37.2,37.7,-0.1,0.0,0.1,0.0,,,,True,True,True,True,True,True,True,False,0.92
2026-05-26 05:20:23,SMOKE,10,47.2,51.1,52.3,53.0,56.5,22.7,29.0,1.0,,,,43.9,47.4,48.6,49.2,56.5,22.7,29.0,1.0,,,,3.3,3.7,3.7,3.8,0.0,0.0,0.0,0.0,,,,13.8,14.7,14.8,14.9,56.6,22.7,28.9,1.0,,,,33.4,36.4,37.5,38.1,-0.1,0.0,0.1,0.0,,,,True,True,True,True,True,True,True,False,0.92
2026-05-26 05:20:24,SMOKE,10,47.7,51.2,52.3,52.8,56.5,22.7,29.0,1.0,,,,44.3,47.9,49.0,49.6,56.5,22.7,29.0,1.0,,,,3.4,3.3,3.3,3.2,0.0,0.0,0.0,0.0,,,,14.0,14.8,14.9,15.0,56.6,22.7,28.9,1.0,,,,33.7,36.4,37.4,37.8,-0.1,0.0,0.1,0.0,,,,True,True,True,True,True,True,True,False,0.93
2026-05-26 05:20:25,SMOKE,10,48.1,51.8,52.8,53.4,56.5,22.7,29.0,1.0,,,,44.7,48.3,49.5,50.1,56.5,22.7,29.0,1.0,,,,3.4,3.5,3.3,3.3,0.0,0.0,0.0,0.0,,,,14.1,15.0,15.1,15.2,56.6,22.7,28.9,1.0,,,,34.0,36.8,37.7,38.2,-0.1,0.0,0.1,0.0,,,,True,True,True,True,True,True,True,False,0.93
2026-05-26 05:20:26,SMOKE,10,48.7,52.1,52.9,53.4,56.5,22.7,29.0,1.0,,,,45.1,48.7,49.9,50.5,56.5,22.7,29.0,1.0,,,,3.6,3.4,3.0,2.9,0.0,0.0,0.0,0.0,,,,14.2,15.1,15.2,15.3,56.6,22.7,28.9,1.0,,,,34.5,37.0,37.7,38.1,-0.1,0.0,0.1,0.0,,,,True,True,True,True,True,True,True,False,0.93
2026-05-26 05:20:27,SMOKE,10,49.5,53.0,53.8,54.3,56.5,22.7,29.0,1.0,,,,45.6,49.2,50.3,50.9,56.5,22.7,29.0,1.0,,,,3.9,3.8,3.5,3.4,0.0,0.0,0.0,0.0,,,,14.4,15.2,15.4,15.5,56.6,22.7,28.9,1.0,,,,35.1,37.8,38.4,38.8,-0.1,0.0,0.1,0.0,,,,True,True,True,True,True,True,True,False,0.93
2026-05-26 05:20:28,SMOKE,10,50.0,53.6,54.5,55.0,56.5,22.7,29.0,1.0,,,,46.0,49.6,50.8,51.4,56.5,22.7,29.0,1.0,,,,4.0,4.0,3.7,3.6,0.0,0.0,0.0,0.0,,,,14.5,15.4,15.5,15.6,56.6,22.7,28.9,1.0,,,,35.5,38.2,39.0,39.4,-0.1,0.0,0.1,0.0,,,,True,True,True,True,True,True,True,False,0.93
2026-05-26 05:20:29,SMOKE,10,50.6,54.2,55.1,55.6,56.5,22.7,29.0,1.0,,,,46.5,50.1,51.2,51.8,56.5,22.7,29.0,1.0,,,,4.1,4.1,3.9,3.8,0.0,0.0,0.0,0.0,,,,14.6,15.5,15.7,15.8,56.6,22.7,28.9,1.0,,,,36.0,38.7,39.4,39.8,-0.1,0.0,0.1,0.0,,,,True,True,True,True,True,True,True,False,0.93
2026-05-26 05:20:30,SMOKE,10,51.5,55.2,56.2,56.7,56.5,22.7,29.0,1.0,,,,47.0,50.6,51.7,52.3,56.5,22.7,29.0,1.0,,,,4.5,4.6,4.5,4.4,0.0,0.0,0.0,0.0,,,,14.8,15.7,15.9,15.9,56.6,22.7,28.9,1.0,,,,36.7,39.5,40.3,40.8,-0.1,0.0,0.1,0.0,,,,True,True,True,True,True,True,True,False,0.93
2026-05-26 05:20:31,SMOKE,10,52.2,56.0,57.0,57.5,56.5,22.7,29.0,1.0,,,,47.5,51.2,52.2,52.8,56.5,22.7,29.0,1.0,,,,4.7,4.8,4.8,4.7,0.0,0.0,0.0,0.0,,,,14.9,15.9,16.0,16.1,56.6,22.7,28.9,1.0,,,,37.3,40.1,41.0,41.4,-0.1,0.0,0.1,0.0,,,,True,True,True,True,True,True,True,False,0.93
2026-05-26 05:20:32,SMOKE,10,52.8,56.6,57.6,58.2,56.5,22.7,29.0,1.0,,,,48.1,51.7,52.8,53.4,56.5,22.7,29.0,1.0,,,,4.7,4.9,4.8,4.8,0.0,0.0,0.0,0.0,,,,15.1,16.0,16.2,16.3,56.6,22.7,28.9,1.0,,,,37.7,40.6,41.4,41.9,-0.1,0.0,0.1,0.0,,,,True,True,True,True,True,True,True,False,0.93
2026-05-26 05:20:33,SMOKE,10,53.3,57.2,58.2,58.7,56.5,22.7,29.0,1.0,,,,48.7,52.4,53.4,54.0,56.5,22.7,29.0,1.0,,,,4.6,4.8,4.8,4.7,0.0,0.0,0.0,0.0,,,,15.2,16.2,16.4,16.4,56.6,22.7,28.9,1.0,,,,38.1,41.0,41.8,42.3,-0.1,0.0,0.1,0.0,,,,True,True,True,True,True,True,True,False,0.93
2026-05-26 05:20:34,SMOKE,10,53.9,57.5,58.4,58.8,56.5,22.7,29.0,1.0,,,,49.3,53.0,54.0,54.6,56.5,22.7,29.0,1.0,,,,4.6,4.5,4.4,4.2,0.0,0.0,0.0,0.0,,,,15.4,16.4,16.5,16.6,56.6,22.7,28.9,1.0,,,,38.5,41.1,41.9,42.2,-0.1,0.0,0.1,0.0,,,,True,True,True,True,True,True,True,False,0.94
2026-05-26 05:20:35,SMOKE,10,54.3,58.0,58.9,59.4,56.5,22.7,29.0,1.0,,,,49.9,53.6,54.6,55.1,56.5,22.7,29.0,1.0,,,,4.4,4.4,4.3,4.3,0.0,0.0,0.0,0.0,,,,15.5,16.5,16.7,16.8,56.6,22.7,28.9,1.0,,,,38.8,41.5,42.2,42.6,-0.1,0.0,0.1,0.0,,,,True,True,True,True,True,True,True,False,0.94
2026-05-26 05:20:36,SMOKE,10,54.6,58.3,59.3,59.7,56.5,22.7,29.0,1.0,,,,50.5,54.1,55.1,55.7,56.5,22.7,29.0,1.0,,,,4.1,4.2,4.2,4.0,0.0,0.0,0.0,0.0,,,,15.7,16.7,16.9,17.0,56.6,22.7,28.9,1.0,,,,38.9,41.6,42.4,42.7,-0.1,0.0,0.1,0.0,,,,True,True,True,True,True,True,True,False,0.94
2026-05-26 05:20:37,SMOKE,10,54.8,58.7,59.6,60.1,56.5,22.7,29.0,1.0,,,,51.0,54.7,55.7,56.2,56.5,22.7,29.0,1.0,,,,3.8,4.0,3.9,3.9,0.0,0.0,0.0,0.0,,,,15.9,16.9,17.0,17.1,56.6,22.7,28.9,1.0,,,,38.9,41.8,42.6,43.0,-0.1,0.0,0.1,0.0,,,,True,True,True,True,True,True,True,False,0.93
2026-05-26 05:20:38,SMOKE,10,55.5,59.5,60.5,61.0,56.5,22.7,29.0,1.0,,,,51.6,55.2,56.2,56.7,56.5,22.7,29.0,1.0,,,,3.9,4.3,4.3,4.3,0.0,0.0,0.0,0.0,,,,16.0,17.0,17.2,17.3,56.6,22.7,28.9,1.0,,,,39.5,42.5,43.3,43.7,-0.1,0.0,0.1,0.0,,,,True,True,True,True,True,True,True,False,0.93
2026-05-26 05:20:39,SMOKE,10,55.8,59.8,60.8,61.4,56.5,22.7,29.0,1.0,,,,52.1,55.8,56.8,57.3,56.5,22.7,29.0,1.0,,,,3.7,4.0,4.0,4.1,0.0,0.0,0.0,0.0,,,,16.2,17.2,17.4,17.5,56.6,22.7,28.9,1.0,,,,39.6,42.6,43.4,43.9,-0.1,0.0,0.1,0.0,,,,True,True,True,True,True,True,True,False,0.93
2026-05-26 05:20:40,SMOKE,10,56.0,60.0,61.1,61.6,56.5,22.7,29.0,1.0,,,,52.7,56.4,57.3,57.8,56.5,22.7,29.0,1.0,,,,3.3,3.6,3.8,3.8,0.0,0.0,0.0,0.0,,,,16.3,17.4,17.6,17.7,56.6,22.7,28.9,1.0,,,,39.7,42.6,43.5,43.9,-0.1,0.0,0.1,0.0,,,,True,True,True,True,True,True,True,False,0.93
2026-05-26 05:20:41,SMOKE,10,56.2,60.3,61.4,61.9,56.5,22.7,29.0,1.0,,,,53.2,57.0,57.9,58.4,56.5,22.7,29.0,1.0,,,,3.0,3.3,3.5,3.5,0.0,0.0,0.0,0.0,,,,16.5,17.5,17.7,17.8,56.6,22.7,28.9,1.0,,,,39.7,42.8,43.7,44.1,-0.1,0.0,0.1,0.0,,,,True,True,True,True,True,True,True,False,0.93
2026-05-26 05:20:42,SMOKE,10,56.4,60.5,61.6,62.2,56.5,22.7,29.0,1.0,,,,53.7,57.5,58.5,59.0,56.5,22.7,29.0,1.0,,,,2.7,3.0,3.1,3.2,0.0,0.0,0.0,0.0,,,,16.7,17.7,17.9,18.0,56.6,22.7,28.9,1.0,,,,39.7,42.8,43.7,44.2,-0.1,0.0,0.1,0.0,,,,True,True,True,True,True,True,True,False,0.93
2026-05-26 05:20:43,SMOKE,10,56.5,60.6,61.8,62.3,56.5,22.7,29.0,1.0,,,,54.1,58.0,59.0,59.5,56.5,22.7,29.0,1.0,,,,2.4,2.6,2.8,2.8,0.0,0.0,0.0,0.0,,,,16.8,17.9,18.1,18.2,56.6,22.7,28.9,1.0,,,,39.7,42.7,43.7,44.1,-0.1,0.0,0.1,0.0,,,,True,True,True,True,True,True,True,False,0.93
2026-05-26 05:20:44,SMOKE,10,56.5,60.7,61.8,62.4,56.5,22.7,29.0,1.0,,,,54.6,58.4,59.5,60.0,56.5,22.7,29.0,1.0,,,,1.9,2.3,2.3,2.4,0.0,0.0,0.0,0.0,,,,17.0,18.1,18.3,18.4,56.6,22.7,28.9,1.0,,,,39.5,42.6,43.5,44.0,-0.1,0.0,0.1,0.0,,,,True,True,True,True,True,True,True,False,0.93
2026-05-26 05:20:45,SMOKE,10,56.5,60.7,61.8,62.4,56.5,22.7,29.0,1.0,,,,54.9,58.8,59.9,60.4,56.5,22.7,29.0,1.0,,,,1.6,1.9,1.9,2.0,0.0,0.0,0.0,0.0,,,,17.2,18.3,18.5,18.6,56.6,22.7,28.9,1.0,,,,39.3,42.4,43.3,43.8,-0.1,0.0,0.1,0.0,,,,True,True,True,True,True,True,True,False,0.93
2026-05-26 05:20:46,SMOKE,10,56.5,60.7,61.9,62.5,56.5,22.7,30.0,1.0,,,,55.2,59.2,60.2,60.7,56.5,22.7,29.0,1.0,,,,1.3,1.5,1.7,1.8,0.0,0.0,1.0,0.0,,,,17.3,18.4,18.6,18.8,56.6,22.7,28.9,1.0,,,,39.2,42.3,43.3,43.7,-0.1,0.0,1.1,0.0,,,,True,True,True,True,True,True,True,False,0.93
2026-05-26 05:20:47,SMOKE,10,56.5,60.8,62.0,62.6,56.5,22.7,30.0,1.0,,,,55.5,59.5,60.5,61.0,56.5,22.7,29.1,1.0,,,,1.0,1.3,1.5,1.6,0.0,0.0,0.9,0.0,,,,17.5,18.6,18.8,18.9,56.6,22.7,28.9,1.0,,,,39.0,42.2,43.2,43.7,-0.1,0.0,1.1,0.0,,,,True,True,True,True,True,True,True,False,0.93
2026-05-26 05:20:48,SMOKE,10,56.5,60.7,62.0,62.6,56.5,22.7,30.0,1.0,,,,55.7,59.7,60.8,61.3,56.5,22.7,29.1,1.0,,,,0.8,1.0,1.2,1.3,0.0,0.0,0.9,0.0,,,,17.7,18.8,19.0,19.1,56.6,22.7,29.0,1.0,,,,38.8,41.9,43.0,43.5,-0.1,0.0,1.0,0.0,,,,True,True,True,True,True,True,True,False,0.93
2026-05-26 05:20:49,SMOKE,10,56.3,60.6,61.8,62.5,56.5,22.7,30.0,1.0,,,,55.9,59.9,61.0,61.6,56.5,22.7,29.2,1.0,,,,0.4,0.7,0.8,0.9,0.0,0.0,0.8,0.0,,,,17.8,19.0,19.2,19.3,56.6,22.7,29.0,1.0,,,,38.5,41.6,42.6,43.2,-0.1,0.0,1.0,0.0,,,,True,True,True,True,True,True,True,False,0.93
2026-05-26 05:20:50,SMOKE,10,56.2,60.4,61.7,62.3,56.5,22.7,30.0,1.0,,,,56.0,60.1,61.2,61.8,56.5,22.7,29.3,1.0,,,,0.2,0.3,0.5,0.5,0.0,0.0,0.7,0.0,,,,18.0,19.2,19.4,19.5,56.6,22.7,29.0,1.0,,,,38.2,41.2,42.3,42.8,-0.1,0.0,1.0,0.0,,,,True,True,True,True,True,True,True,False,0.93
2026-05-26 05:20:51,SMOKE,10,55.9,60.2,61.4,62.1,56.5,22.7,30.0,1.0,,,,56.2,60.3,61.4,62.0,56.5,22.7,29.4,1.0,,,,-0.3,-0.1,0.0,0.1,0.0,0.0,0.6,0.0,,,,18.2,19.3,19.6,19.7,56.6,22.7,29.0,1.0,,,,37.7,40.9,41.8,42.4,-0.1,0.0,1.0,0.0,,,,True,True,True,True,True,True,True,False,0.93
2026-05-26 05:20:53,SMOKE,10,55.8,60.1,61.3,62.0,56.5,22.7,30.0,1.0,,,,56.2,60.4,61.5,62.1,56.5,22.7,29.4,1.0,,,,-0.4,-0.3,-0.2,-0.1,0.0,0.0,0.6,0.0,,,,18.3,19.5,19.7,19.9,56.6,22.7,29.0,1.0,,,,37.5,40.6,41.6,42.1,-0.1,0.0,1.0,0.0,,,,True,True,True,True,True,True,True,False,0.93
2026-05-26 05:20:54,SMOKE,10,55.7,60.0,61.2,61.9,56.5,22.7,30.0,1.0,,,,56.3,60.4,61.6,62.2,56.5,22.7,29.5,1.0,,,,-0.6,-0.4,-0.4,-0.3,0.0,0.0,0.5,0.0,,,,18.5,19.7,19.9,20.1,56.6,22.7,29.0,1.0,,,,37.2,40.3,41.3,41.8,-0.1,0.0,1.0,0.0,,,,True,True,True,True,True,True,True,False,0.93
2026-05-26 05:20:55,SMOKE,10,55.6,59.8,61.1,61.7,56.5,22.7,30.0,1.0,,,,56.2,60.4,61.6,62.2,56.5,22.7,29.6,1.0,,,,-0.6,-0.6,-0.5,-0.5,0.0,0.0,0.4,0.0,,,,18.7,19.9,20.1,20.2,56.6,22.7,29.0,1.0,,,,36.9,39.9,41.0,41.5,-0.1,0.0,1.0,0.0,,,,True,True,True,True,True,True,True,False,0.93
2026-05-26 05:20:56,SMOKE,10,55.4,59.7,61.0,61.6,56.5,22.7,30.0,1.0,,,,56.2,60.4,61.6,62.2,56.5,22.7,29.6,1.0,,,,-0.8,-0.7,-0.6,-0.6,0.0,0.0,0.4,0.0,,,,18.8,20.0,20.3,20.4,56.6,22.7,29.0,1.0,,,,36.6,39.7,40.7,41.2,-0.1,0.0,1.0,0.0,,,,True,True,True,True,True,True,True,False,0.93
2026-05-26 05:20:57,SMOKE,10,55.4,59.6,60.9,61.6,56.5,22.7,30.0,1.0,,,,56.2,60.4,61.6,62.2,56.5,22.7,29.7,1.0,,,,-0.8,-0.8,-0.7,-0.6,0.0,0.0,0.3,0.0,,,,19.0,20.2,20.5,20.6,56.6,22.7,29.0,1.0,,,,36.4,39.4,40.4,41.0,-0.1,0.0,1.0,0.0,,,,True,True,True,True,True,True,True,False,0.93
2026-05-26 05:20:58,SMOKE,10,55.3,59.6,60.9,61.5,56.5,22.7,30.0,1.0,,,,56.1,60.3,61.6,62.2,56.5,22.7,29.8,1.0,,,,-0.8,-0.7,-0.7,-0.7,0.0,0.0,0.2,0.0,,,,19.1,20.4,20.6,20.8,56.6,22.7,29.0,1.0,,,,36.2,39.2,40.3,40.7,-0.1,0.0,1.0,0.0,,,,True,True,True,True,True,True,True,False,0.93
2026-05-26 05:20:59,SMOKE,10,55.2,59.5,60.8,61.5,56.5,22.7,30.0,1.0,,,,56.0,60.3,61.5,62.1,56.5,22.7,29.9,1.0,,,,-0.8,-0.8,-0.7,-0.6,0.0,0.0,0.1,0.0,,,,19.3,20.6,20.8,21.0,56.6,22.7,29.0,1.0,,,,35.9,38.9,40.0,40.5,-0.1,0.0,1.0,0.0,,,,True,True,True,True,True,True,True,False,0.93
2026-05-26 05:21:00,SMOKE,10,55.1,59.4,60.7,61.4,56.5,22.7,30.0,1.0,,,,55.9,60.2,61.4,62.1,56.5,22.7,29.9,1.0,,,,-0.8,-0.8,-0.7,-0.7,0.0,0.0,0.1,0.0,,,,19.5,20.7,21.0,21.1,56.6,22.7,29.0,1.0,,,,35.6,38.7,39.7,40.3,-0.1,0.0,1.0,0.0,,,,True,True,True,True,True,True,True,False,0.93
2026-05-26 05:21:01,SMOKE,10,54.9,59.2,60.5,61.2,56.5,22.7,30.0,1.0,,,,55.8,60.1,61.3,62.0,56.5,22.7,30.0,1.0,,,,-0.9,-0.9,-0.8,-0.8,0.0,0.0,0.0,0.0,,,,19.6,20.9,21.2,21.3,56.6,22.7,29.0,1.0,,,,35.3,38.3,39.3,39.9,-0.1,0.0,1.0,0.0,,,,True,True,True,True,True,True,True,False,0.93
2026-05-26 05:21:02,SMOKE,10,54.6,58.9,60.2,60.9,56.5,22.7,30.0,1.0,,,,55.7,60.0,61.2,61.9,56.5,22.7,30.0,1.0,,,,-1.1,-1.1,-1.0,-1.0,0.0,0.0,0.0,0.0,,,,19.8,21.1,21.4,21.5,56.6,22.7,29.0,1.0,,,,34.8,37.8,38.8,39.4,-0.1,0.0,1.0,0.0,,,,True,True,True,True,True,True,True,False,0.93
2026-05-26 05:21:03,SMOKE,10,54.3,58.6,59.9,60.6,56.5,22.7,30.0,1.0,,,,55.6,59.8,61.1,61.8,56.5,22.7,30.0,1.0,,,,-1.3,-1.2,-1.2,-1.2,0.0,0.0,0.0,0.0,,,,19.9,21.3,21.5,21.7,56.5,22.7,29.0,1.0,,,,34.4,37.3,38.4,38.9,0.0,0.0,1.0,0.0,,,,True,True,True,True,True,True,True,False,0.93
2026-05-26 05:21:04,SMOKE,10,54.0,58.2,59.5,60.2,56.5,22.7,30.0,1.0,,,,55.4,59.7,61.0,61.6,56.5,22.7,30.0,1.0,,,,-1.4,-1.5,-1.5,-1.4,0.0,0.0,0.0,0.0,,,,20.1,21.4,21.7,21.9,56.5,22.7,29.1,1.0,,,,33.9,36.8,37.8,38.3,0.0,0.0,0.9,0.0,,,,True,True,True,True,True,True,True,False,0.93
2026-05-26 05:21:05,SMOKE,10,53.7,58.0,59.3,60.0,56.5,22.7,30.0,1.0,,,,55.2,59.5,60.8,61.5,56.5,22.7,30.0,1.0,,,,-1.5,-1.5,-1.5,-1.5,0.0,0.0,0.0,0.0,,,,20.3,21.6,21.9,22.0,56.5,22.7,29.1,1.0,,,,33.4,36.4,37.4,38.0,0.0,0.0,0.9,0.0,,,,True,True,True,True,True,True,True,False,0.93
2026-05-26 05:21:06,SMOKE,10,53.6,57.8,59.1,59.8,56.5,22.7,30.0,1.0,,,,55.1,59.3,60.6,61.3,56.5,22.7,30.0,1.0,,,,-1.5,-1.5,-1.5,-1.5,0.0,0.0,0.0,0.0,,,,20.4,21.8,22.1,22.2,56.5,22.7,29.1,1.0,,,,33.2,36.0,37.0,37.6,0.0,0.0,0.9,0.0,,,,True,True,True,True,True,True,True,False,0.93
2026-05-26 05:21:07,SMOKE,10,53.3,57.6,58.9,59.6,56.5,22.7,30.0,1.0,,,,54.9,59.2,60.5,61.1,56.5,22.7,30.0,1.0,,,,-1.6,-1.6,-1.6,-1.5,0.0,0.0,0.0,0.0,,,,20.6,21.9,22.2,22.4,56.5,22.7,29.1,1.0,,,,32.7,35.7,36.7,37.2,0.0,0.0,0.9,0.0,,,,True,True,True,True,True,True,True,False,0.93
2026-05-26 05:21:08,SMOKE,10,53.2,57.4,58.7,59.4,56.5,22.7,30.0,1.0,,,,54.7,59.0,60.3,61.0,56.5,22.7,30.0,1.0,,,,-1.5,-1.6,-1.6,-1.6,0.0,0.0,0.0,0.0,,,,20.7,22.1,22.4,22.6,56.5,22.7,29.1,1.0,,,,32.5,35.3,36.3,36.8,0.0,0.0,0.9,0.0,,,,True,True,True,True,True,True,True,False,0.93
2026-05-26 05:21:09,SMOKE,10,53.0,57.2,58.6,59.3,56.5,22.7,30.0,1.0,,,,54.5,58.8,60.1,60.8,56.5,22.7,30.0,1.0,,,,-1.5,-1.6,-1.5,-1.5,0.0,0.0,0.0,0.0,,,,20.9,22.3,22.6,22.7,56.5,22.7,29.1,1.0,,,,32.1,34.9,36.0,36.6,0.0,0.0,0.9,0.0,,,,True,True,True,True,True,True,True,False,0.93
2026-05-26 05:21:10,SMOKE,10,52.8,57.0,58.3,59.0,56.5,22.7,30.0,1.0,,,,54.4,58.6,59.9,60.6,56.5,22.7,30.0,1.0,,,,-1.6,-1.6,-1.6,-1.6,0.0,0.0,0.0,0.0,,,,21.0,22.4,22.7,22.9,56.5,22.7,29.1,1.0,,,,31.8,34.6,35.6,36.1,0.0,0.0,0.9,0.0,,,,True,True,True,True,True,True,True,False,0.93
2026-05-26 05:21:11,SMOKE,10,52.5,56.7,58.0,58.7,56.5,22.7,30.0,1.0,,,,54.2,58.4,59.7,60.4,56.5,22.7,30.0,1.0,,,,-1.7,-1.7,-1.7,-1.7,0.0,0.0,0.0,0.0,,,,21.2,22.6,22.9,23.1,56.5,22.7,29.1,1.0,,,,31.3,34.1,35.1,35.6,0.0,0.0,0.9,0.0,,,,True,True,True,True,True,True,True,False,0.93
2026-05-26 05:21:12,SMOKE,10,52.2,56.4,57.7,58.4,56.5,22.7,30.0,1.0,,,,54.0,58.2,59.5,60.2,56.5,22.7,30.0,1.0,,,,-1.8,-1.8,-1.8,-1.8,0.0,0.0,0.0,0.0,,,,21.3,22.8,23.1,23.2,56.5,22.7,29.1,1.0,,,,30.9,33.6,34.6,35.2,0.0,0.0,0.9,0.0,,,,True,True,True,True,True,True,True,False,0.93
2026-05-26 05:21:13,SMOKE,10,51.9,56.1,57.4,58.1,56.5,22.7,30.0,1.0,,,,53.7,58.0,59.3,60.0,56.5,22.7,30.0,1.0,,,,-1.8,-1.9,-1.9,-1.9,0.0,0.0,0.0,0.0,,,,21.5,22.9,23.2,23.4,56.5,22.7,29.1,1.0,,,,30.4,33.2,34.2,34.7,0.0,0.0,0.9,0.0,,,,True,True,True,True,True,True,True,False,0.93
2026-05-26 05:21:14,SMOKE,10,51.6,55.7,57.1,57.8,56.5,22.7,30.0,1.0,,,,53.5,57.8,59.1,59.8,56.5,22.7,30.0,1.0,,,,-1.9,-2.1,-2.0,-2.0,0.0,0.0,0.0,0.0,,,,21.6,23.1,23.4,23.6,56.5,22.7,29.1,1.0,,,,30.0,32.6,33.7,34.2,0.0,0.0,0.9,0.0,,,,True,True,True,True,True,True,True,False,0.93
2026-05-26 05:21:15,SMOKE,10,51.3,55.5,56.8,57.5,56.5,22.7,30.0,1.0,,,,53.3,57.5,58.8,59.5,56.5,22.7,30.0,1.0,,,,-2.0,-2.0,-2.0,-2.0,0.0,0.0,0.0,0.0,,,,21.8,23.2,23.6,23.7,56.5,22.7,29.1,1.0,,,,29.5,32.3,33.2,33.8,0.0,0.0,0.9,0.0,,,,True,True,True,True,True,True,True,False,0.92
2026-05-26 05:21:16,SMOKE,10,51.2,55.0,56.0,56.6,56.5,22.7,30.0,1.0,,,,53.0,57.2,58.5,59.2,56.5,22.7,30.0,1.0,,,,-1.8,-2.2,-2.5,-2.6,0.0,0.0,0.0,0.0,,,,21.9,23.4,23.7,23.9,56.5,22.7,29.1,1.0,,,,29.3,31.6,32.3,32.7,0.0,0.0,0.9,0.0,,,,True,True,True,True,True,True,True,False,0.93
2026-05-26 05:21:17,SMOKE,10,51.0,54.8,55.9,56.4,56.5,22.7,30.0,1.0,,,,52.8,56.9,58.2,58.9,56.5,22.7,30.0,1.0,,,,-1.8,-2.1,-2.3,-2.5,0.0,0.0,0.0,0.0,,,,22.1,23.5,23.9,24.1,56.5,22.7,29.1,1.0,,,,28.9,31.3,32.0,32.3,0.0,0.0,0.9,0.0,,,,True,True,True,True,True,True,True,False,0.93
2026-05-26 05:21:18,SMOKE,10,50.8,54.4,55.2,55.7,56.5,22.7,30.0,1.0,,,,52.5,56.7,57.9,58.6,56.5,22.7,30.0,1.0,,,,-1.7,-2.3,-2.7,-2.9,0.0,0.0,0.0,0.0,,,,22.2,23.7,24.0,24.2,56.5,22.7,29.1,1.0,,,,28.6,30.7,31.2,31.5,0.0,0.0,0.9,0.0,,,,True,True,True,True,True,True,True,False,0.93
2026-05-26 05:21:19,SMOKE,10,50.7,54.0,54.7,55.1,56.5,22.7,30.0,1.0,,,,52.3,56.4,57.6,58.3,56.5,22.7,30.0,1.0,,,,-1.6,-2.4,-2.9,-3.2,0.0,0.0,0.0,0.0,,,,22.3,23.9,24.2,24.4,56.5,22.7,29.1,1.0,,,,28.4,30.1,30.5,30.7,0.0,0.0,0.9,0.0,,,,True,True,True,True,True,True,True,False,0.94
2026-05-26 05:21:20,SMOKE,10,50.5,53.6,54.2,54.4,56.5,22.7,30.0,1.0,,,,52.1,56.1,57.3,58.0,56.5,22.7,30.0,1.0,,,,-1.6,-2.5,-3.1,-3.6,0.0,0.0,0.0,0.0,,,,22.5,24.0,24.4,24.5,56.5,22.7,29.1,1.0,,,,28.0,29.6,29.8,29.9,0.0,0.0,0.9,0.0,,,,True,True,True,True,True,True,True,False,0.94
2026-05-26 05:21:21,SMOKE,10,50.2,53.4,54.0,54.2,56.5,22.7,30.0,1.0,,,,51.9,55.8,57.0,57.6,56.5,22.7,30.0,1.0,,,,-1.7,-2.4,-3.0,-3.4,0.0,0.0,0.0,0.0,,,,22.6,24.2,24.5,24.7,56.5,22.7,29.1,1.0,,,,27.6,29.2,29.5,29.5,0.0,0.0,0.9,0.0,,,,True,True,True,True,True,True,True,False,0.94
2026-05-26 05:21:22,SMOKE,10,49.5,52.7,53.4,53.7,56.5,22.7,30.0,1.0,,,,51.6,55.5,56.6,57.2,56.5,22.7,30.0,1.0,,,,-2.1,-2.8,-3.2,-3.5,0.0,0.0,0.0,0.0,,,,22.8,24.3,24.7,24.8,56.5,22.7,29.1,1.0,,,,26.7,28.4,28.7,28.9,0.0,0.0,0.9,0.0,,,,True,True,True,True,True,True,True,False,0.94
2026-05-26 05:21:23,SMOKE,10,49.1,52.4,53.1,53.4,56.5,22.7,30.0,1.0,,,,51.4,55.2,56.2,56.8,56.5,22.7,30.0,1.0,,,,-2.3,-2.8,-3.1,-3.4,0.0,0.0,0.0,0.0,,,,22.9,24.5,24.8,25.0,56.5,22.7,29.1,1.0,,,,26.2,27.9,28.3,28.4,0.0,0.0,0.9,0.0,,,,True,True,True,True,True,True,True,False,0.94
2026-05-26 05:21:24,SMOKE,10,48.7,52.0,52.7,53.1,56.5,22.7,30.0,1.0,,,,51.1,54.8,55.8,56.4,56.5,22.7,30.0,1.0,,,,-2.4,-2.8,-3.1,-3.3,0.0,0.0,0.0,0.0,,,,23.0,24.6,25.0,25.1,56.5,22.7,29.1,1.0,,,,25.7,27.4,27.7,28.0,0.0,0.0,0.9,0.0,,,,True,True,True,True,True,True,True,False,0.94
2026-05-26 05:21:25,SMOKE,10,48.2,51.5,52.3,52.7,56.5,22.7,30.0,1.0,,,,50.8,54.5,55.4,55.9,56.5,22.7,30.0,1.0,,,,-2.6,-3.0,-3.1,-3.2,0.0,0.0,0.0,0.0,,,,23.2,24.7,25.1,25.3,56.5,22.7,29.1,1.0,,,,25.0,26.8,27.2,27.4,0.0,0.0,0.9,0.0,,,,True,True,True,True,True,True,True,False,0.94
2026-05-26 05:21:26,SMOKE,10,47.8,51.1,51.9,52.3,56.5,22.7,30.0,1.0,,,,50.5,54.1,55.0,55.5,56.5,22.7,30.0,1.0,,,,-2.7,-3.0,-3.1,-3.2,0.0,0.0,0.0,0.0,,,,23.3,24.9,25.2,25.4,56.5,22.7,29.1,1.0,,,,24.5,26.2,26.7,26.9,0.0,0.0,0.9,0.0,,,,True,True,True,True,True,True,True,False,0.94
2026-05-26 05:21:27,SMOKE,10,47.3,50.6,51.4,51.9,56.5,22.7,30.0,1.0,,,,50.2,53.7,54.6,55.1,56.5,22.7,30.0,1.0,,,,-2.9,-3.1,-3.2,-3.2,0.0,0.0,0.0,0.0,,,,23.4,25.0,25.4,25.6,56.5,22.7,29.1,1.0,,,,23.9,25.6,26.0,26.3,0.0,0.0,0.9,0.0,,,,True,True,True,True,True,True,True,False,0.93
2026-05-26 05:21:28,SMOKE,10,46.9,50.2,51.0,51.5,56.5,22.7,30.0,1.0,,,,49.9,53.3,54.2,54.6,56.5,22.7,30.0,1.0,,,,-3.0,-3.1,-3.2,-3.1,0.0,0.0,0.0,0.0,,,,23.6,25.2,25.5,25.7,56.5,22.7,29.1,1.0,,,,23.3,25.0,25.5,25.8,0.0,0.0,0.9,0.0,,,,True,True,True,True,True,True,True,False,0.93
2026-05-26 05:21:30,SMOKE,10,46.4,49.7,50.6,51.0,56.5,22.7,30.0,1.0,,,,49.5,52.9,53.8,54.2,56.5,22.7,30.0,1.0,,,,-3.1,-3.2,-3.2,-3.2,0.0,0.0,0.0,0.0,,,,23.7,25.3,25.7,25.9,56.5,22.7,29.1,1.0,,,,22.7,24.4,24.9,25.1,0.0,0.0,0.9,0.0,,,,True,True,True,True,True,True,True,False,0.93
2026-05-26 05:21:31,SMOKE,10,45.9,49.2,50.1,50.5,56.5,22.7,30.0,1.0,,,,49.2,52.5,53.3,53.7,56.5,22.7,30.0,1.0,,,,-3.3,-3.3,-3.2,-3.2,0.0,0.0,0.0,0.0,,,,23.8,25.4,25.8,26.0,56.5,22.7,29.1,1.0,,,,22.1,23.8,24.3,24.5,0.0,0.0,0.9,0.0,,,,True,True,True,True,True,True,True,False,0.93
2026-05-26 05:21:32,SMOKE,10,45.4,48.7,49.6,50.1,56.5,22.7,30.0,1.0,,,,48.8,52.1,52.9,53.3,56.5,22.7,30.0,1.0,,,,-3.4,-3.4,-3.3,-3.2,0.0,0.0,0.0,0.0,,,,23.9,25.6,26.0,26.2,56.5,22.7,29.1,1.0,,,,21.5,23.1,23.6,23.9,0.0,0.0,0.9,0.0,,,,True,True,True,True,True,True,True,False,0.93
2026-05-26 05:21:33,SMOKE,10,45.0,48.3,49.2,49.7,56.5,22.7,30.0,1.0,,,,48.4,51.7,52.4,52.8,56.5,22.7,30.0,1.0,,,,-3.4,-3.4,-3.2,-3.1,0.0,0.0,0.0,0.0,,,,24.1,25.7,26.1,26.3,56.5,22.7,29.2,1.0,,,,20.9,22.6,23.1,23.4,0.0,0.0,0.8,0.0,,,,True,True,True,True,True,True,True,False,0.93
2026-05-26 05:21:34,SMOKE,10,44.7,48.0,48.9,49.3,56.5,22.7,30.0,1.0,,,,48.0,51.2,52.0,52.4,56.5,22.7,30.0,1.0,,,,-3.3,-3.2,-3.1,-3.1,0.0,0.0,0.0,0.0,,,,24.2,25.8,26.2,26.4,56.5,22.7,29.2,1.0,,,,20.5,22.2,22.7,22.9,0.0,0.0,0.8,0.0,,,,True,True,True,True,True,True,True,False,0.93
2026-05-26 05:21:35,SMOKE,10,44.3,47.6,48.5,49.0,56.5,22.7,30.0,1.0,,,,47.5,50.8,51.6,52.0,56.5,22.7,30.0,1.0,,,,-3.2,-3.2,-3.1,-3.0,0.0,0.0,0.0,0.0,,,,24.3,26.0,26.4,26.6,56.5,22.7,29.2,1.0,,,,20.0,21.6,22.1,22.4,0.0,0.0,0.8,0.0,,,,True,True,True,True,True,True,True,False,0.93
2026-05-26 05:21:36,SMOKE,10,44.1,47.3,48.2,48.7,56.5,22.7,30.0,1.0,,,,47.1,50.4,51.2,51.6,56.5,22.7,30.0,1.0,,,,-3.0,-3.1,-3.0,-2.9,0.0,0.0,0.0,0.0,,,,24.4,26.1,26.5,26.7,56.5,22.7,29.2,1.0,,,,19.7,21.2,21.7,22.0,0.0,0.0,0.8,0.0,,,,True,True,True,True,True,True,True,False,0.93
2026-05-26 05:21:37,SMOKE,10,43.7,47.0,47.9,48.4,56.5,22.7,30.0,1.0,,,,46.7,49.9,50.8,51.2,56.5,22.7,30.0,1.0,,,,-3.0,-2.9,-2.9,-2.8,0.0,0.0,0.0,0.0,,,,24.6,26.2,26.6,26.8,56.5,22.7,29.2,1.0,,,,19.1,20.8,21.3,21.6,0.0,0.0,0.8,0.0,,,,True,True,True,True,True,True,True,False,0.93
2026-05-26 05:21:38,SMOKE,10,43.4,46.6,47.5,48.0,56.5,22.7,30.0,1.0,,,,46.2,49.5,50.4,50.8,56.5,22.7,30.0,1.0,,,,-2.8,-2.9,-2.9,-2.8,0.0,0.0,0.0,0.0,,,,24.7,26.4,26.8,27.0,56.5,22.7,29.2,1.0,,,,18.7,20.2,20.7,21.0,0.0,0.0,0.8,0.0,,,,True,True,True,True,True,True,True,False,0.93
2026-05-26 05:21:39,SMOKE,10,43.0,46.3,47.2,47.7,56.5,22.7,30.0,1.0,,,,45.8,49.1,50.0,50.4,56.5,22.7,30.0,1.0,,,,-2.8,-2.8,-2.8,-2.7,0.0,0.0,0.0,0.0,,,,24.8,26.5,26.9,27.1,56.5,22.7,29.2,1.0,,,,18.2,19.8,20.3,20.6,0.0,0.0,0.8,0.0,,,,True,True,True,True,True,True,True,False,0.93
2026-05-26 05:21:40,SMOKE,10,42.8,46.0,47.0,47.4,56.5,22.7,30.0,1.0,,,,45.4,48.7,49.6,50.1,56.5,22.7,30.0,1.0,,,,-2.6,-2.7,-2.6,-2.7,0.0,0.0,0.0,0.0,,,,24.9,26.6,27.0,27.2,56.5,22.7,29.2,1.0,,,,17.9,19.4,20.0,20.2,0.0,0.0,0.8,0.0,,,,True,True,True,True,True,True,True,False,0.93
2026-05-26 05:21:41,SMOKE,10,42.4,45.7,46.6,47.1,56.5,22.7,30.0,1.0,,,,45.1,48.3,49.2,49.7,56.5,22.7,30.0,1.0,,,,-2.7,-2.6,-2.6,-2.6,0.0,0.0,0.0,0.0,,,,25.0,26.7,27.1,27.3,56.5,22.7,29.2,1.0,,,,17.4,19.0,19.5,19.8,0.0,0.0,0.8,0.0,,,,True,True,True,True,True,True,True,False,0.93
2026-05-26 05:21:42,SMOKE,10,42.1,45.3,46.3,46.7,56.5,22.7,30.0,1.0,,,,44.7,47.9,48.8,49.3,56.5,22.7,30.0,1.0,,,,-2.6,-2.6,-2.5,-2.6,0.0,0.0,0.0,0.0,,,,25.1,26.9,27.3,27.5,56.5,22.7,29.2,1.0,,,,17.0,18.4,19.0,19.2,0.0,0.0,0.8,0.0,,,,True,True,True,True,True,True,True,False,0.93
2026-05-26 05:21:43,SMOKE,10,41.7,45.0,45.9,46.4,56.5,22.7,30.0,1.0,,,,44.3,47.6,48.5,48.9,56.5,22.7,30.0,1.0,,,,-2.6,-2.6,-2.6,-2.5,0.0,0.0,0.0,0.0,,,,25.2,27.0,27.4,27.6,56.5,22.7,29.2,1.0,,,,16.5,18.0,18.5,18.8,0.0,0.0,0.8,0.0,,,,True,True,True,True,True,True,True,False,0.93
2026-05-26 05:21:44,SMOKE,10,41.5,44.8,45.7,46.2,56.5,22.7,30.0,1.0,,,,43.9,47.2,48.1,48.6,56.5,22.7,30.0,1.0,,,,-2.4,-2.4,-2.4,-2.4,0.0,0.0,0.0,0.0,,,,25.4,27.1,27.5,27.7,56.5,22.7,29.2,1.0,,,,16.1,17.7,18.2,18.5,0.0,0.0,0.8,0.0,,,,True,True,True,True,True,True,True,False,0.93
2026-05-26 05:21:45,SMOKE,10,41.3,44.5,45.5,46.0,56.4,22.7,30.0,1.0,,,,43.6,46.8,47.8,48.2,56.5,22.7,30.0,1.0,,,,-2.3,-2.3,-2.3,-2.2,-0.1,0.0,0.0,0.0,,,,25.5,27.2,27.6,27.9,56.5,22.7,29.2,1.0,,,,15.8,17.3,17.9,18.1,-0.1,0.0,0.8,0.0,,,,True,True,True,True,True,True,True,False,0.93
2026-05-26 05:21:46,SMOKE,10,41.1,44.3,45.3,45.8,56.4,22.7,30.0,1.0,,,,43.2,46.5,47.4,47.9,56.5,22.7,30.0,1.0,,,,-2.1,-2.2,-2.1,-2.1,-0.1,0.0,0.0,0.0,,,,25.6,27.3,27.8,28.0,56.5,22.7,29.2,1.0,,,,15.5,17.0,17.5,17.8,-0.1,0.0,0.8,0.0,,,,True,True,True,True,True,True,True,False,0.93
2026-05-26 05:21:47,SMOKE,10,40.8,44.0,45.0,45.5,56.4,22.7,30.0,1.0,,,,42.9,46.2,47.1,47.6,56.5,22.7,30.0,1.0,,,,-2.1,-2.2,-2.1,-2.1,-0.1,0.0,0.0,0.0,,,,25.7,27.5,27.9,28.1,56.5,22.7,29.2,1.0,,,,15.1,16.5,17.1,17.4,-0.1,0.0,0.8,0.0,,,,True,True,True,True,True,True,True,False,0.93
2026-05-26 05:21:48,SMOKE,10,40.6,43.7,44.7,45.2,56.4,22.7,30.0,1.0,,,,42.6,45.9,46.8,47.3,56.5,22.7,30.0,1.0,,,,-2.0,-2.2,-2.1,-2.1,-0.1,0.0,0.0,0.0,,,,25.8,27.6,28.0,28.2,56.5,22.7,29.2,1.0,,,,14.8,16.1,16.7,17.0,-0.1,0.0,0.8,0.0,,,,True,True,True,True,True,True,True,False,0.93
2026-05-26 05:21:49,SMOKE,10,40.3,43.4,44.4,44.9,56.5,22.7,30.0,1.0,,,,42.3,45.6,46.5,47.0,56.5,22.7,30.0,1.0,,,,-2.0,-2.2,-2.1,-2.1,0.0,0.0,0.0,0.0,,,,25.9,27.7,28.1,28.4,56.5,22.7,29.2,1.0,,,,14.4,15.7,16.3,16.5,0.0,0.0,0.8,0.0,,,,True,True,True,True,True,True,True,False,0.93
2026-05-26 05:21:50,SMOKE,10,39.9,43.0,44.0,44.5,56.4,22.7,30.0,1.0,,,,42.1,45.3,46.2,46.7,56.5,22.7,30.0,1.0,,,,-2.2,-2.3,-2.2,-2.2,-0.1,0.0,0.0,0.0,,,,26.0,27.8,28.2,28.5,56.5,22.7,29.2,1.0,,,,13.9,15.2,15.8,16.0,-0.1,0.0,0.8,0.0,,,,True,True,True,True,True,True,True,False,0.93
2026-05-26 05:21:51,SMOKE,10,39.5,42.6,43.5,44.0,56.5,22.7,30.0,1.0,,,,41.8,45.0,45.9,46.4,56.5,22.7,30.0,1.0,,,,-2.3,-2.4,-2.4,-2.4,0.0,0.0,0.0,0.0,,,,26.1,27.9,28.4,28.6,56.5,22.7,29.2,1.0,,,,13.4,14.7,15.1,15.4,0.0,0.0,0.8,0.0,,,,True,True,True,True,True,True,True,False,0.93
2026-05-26 05:21:52,SMOKE,10,39.0,42.1,43.0,43.5,56.4,22.7,30.0,1.0,,,,41.5,44.7,45.6,46.1,56.5,22.7,30.0,1.0,,,,-2.5,-2.6,-2.6,-2.6,-0.1,0.0,0.0,0.0,,,,26.2,28.0,28.5,28.7,56.5,22.7,29.2,1.0,,,,12.8,14.1,14.5,14.8,-0.1,0.0,0.8,0.0,,,,True,True,True,True,True,True,True,False,0.93
2026-05-26 05:21:53,SMOKE,10,38.6,41.3,42.1,42.5,56.4,22.7,30.0,1.0,,,,41.1,44.3,45.3,45.8,56.5,22.7,30.0,1.0,,,,-2.5,-3.0,-3.2,-3.3,-0.1,0.0,0.0,0.0,,,,26.3,28.2,28.6,28.8,56.5,22.7,29.2,1.0,,,,12.3,13.1,13.5,13.7,-0.1,0.0,0.8,0.0,,,,True,True,True,True,True,True,True,False,0.93
2026-05-26 05:21:54,SMOKE,6,38.1,40.7,41.3,41.6,56.4,22.7,30.0,1.0,,,,40.8,44.0,44.9,45.4,56.4,22.7,30.0,1.0,,,,-2.7,-3.3,-3.6,-3.8,0.0,0.0,0.0,0.0,,,,26.4,28.3,28.7,28.9,56.5,22.7,29.2,1.0,,,,11.7,12.4,12.6,12.7,-0.1,0.0,0.8,0.0,,,,True,True,True,False,False,True,True,False,0.94
2026-05-26 05:21:55,SMOKE,6,37.7,40.1,40.5,40.8,56.5,22.7,30.0,1.0,,,,40.5,43.6,44.5,45.0,56.4,22.7,30.0,1.0,,,,-2.8,-3.5,-4.0,-4.2,0.1,0.0,0.0,0.0,,,,26.5,28.4,28.8,29.1,56.5,22.7,29.2,1.0,,,,11.2,11.7,11.7,11.7,0.0,0.0,0.8,0.0,,,,True,True,True,False,False,True,True,False,0.94
2026-05-26 05:21:56,SMOKE,6,37.3,39.5,39.9,40.1,56.5,22.7,30.0,1.0,,,,40.2,43.2,44.1,44.5,56.4,22.7,30.0,1.0,,,,-2.9,-3.7,-4.2,-4.4,0.1,0.0,0.0,0.0,,,,26.6,28.5,28.9,29.2,56.5,22.7,29.2,1.0,,,,10.7,11.0,11.0,10.9,0.0,0.0,0.8,0.0,,,,True,True,True,False,False,True,True,False,0.94
2026-05-26 05:21:57,SMOKE,6,36.8,39.1,39.5,39.7,56.5,22.7,30.0,1.0,,,,39.8,42.8,43.6,44.1,56.4,22.7,30.0,1.0,,,,-3.0,-3.7,-4.1,-4.4,0.1,0.0,0.0,0.0,,,,26.7,28.6,29.0,29.3,56.5,22.7,29.2,1.0,,,,10.1,10.5,10.5,10.4,0.0,0.0,0.8,0.0,,,,True,True,True,False,False,True,True,False,0.94
2026-05-26 05:21:58,SMOKE,6,36.2,38.5,38.9,39.1,56.5,22.7,30.0,1.0,,,,39.5,42.4,43.2,43.6,56.4,22.7,30.0,1.0,,,,-3.3,-3.9,-4.3,-4.5,0.1,0.0,0.0,0.0,,,,26.8,28.7,29.1,29.4,56.5,22.7,29.2,1.0,,,,9.4,9.8,9.8,9.7,0.0,0.0,0.8,0.0,,,,True,True,True,False,False,True,True,False,0.94
2026-05-26 05:21:59,SMOKE,6,35.7,37.9,38.2,38.3,56.5,22.7,30.0,1.0,,,,39.1,41.9,42.7,43.1,56.4,22.7,30.0,1.0,,,,-3.4,-4.0,-4.5,-4.8,0.1,0.0,0.0,0.0,,,,26.9,28.8,29.2,29.5,56.5,22.7,29.2,1.0,,,,8.8,9.1,9.0,8.8,0.0,0.0,0.8,0.0,,,,True,True,True,False,False,True,True,False,0.94
2026-05-26 05:22:00,SMOKE,6,35.3,37.3,37.6,37.7,56.5,22.7,30.0,1.0,,,,38.7,41.4,42.2,42.5,56.4,22.7,30.0,1.0,,,,-3.4,-4.1,-4.6,-4.8,0.1,0.0,0.0,0.0,,,,27.0,28.9,29.3,29.6,56.5,22.7,29.2,1.0,,,,8.3,8.4,8.3,8.1,0.0,0.0,0.8,0.0,,,,True,True,True,False,False,True,True,False,0.95
2026-05-26 05:22:01,SMOKE,6,34.8,36.8,37.0,37.1,56.5,22.7,30.0,1.0,,,,38.3,40.9,41.6,42.0,56.5,22.7,30.0,1.0,,,,-3.5,-4.1,-4.6,-4.9,0.0,0.0,0.0,0.0,,,,27.1,29.0,29.4,29.7,56.5,22.7,29.2,1.0,,,,7.7,7.8,7.6,7.4,0.0,0.0,0.8,0.0,,,,True,True,True,False,False,True,True,False,0.95
2026-05-26 05:22:02,SMOKE,6,34.3,36.1,36.3,36.4,56.5,22.7,30.0,1.0,,,,37.8,40.4,41.0,41.4,56.5,22.7,30.0,1.0,,,,-3.5,-4.3,-4.7,-5.0,0.0,0.0,0.0,0.0,,,,27.2,29.1,29.5,29.8,56.5,22.7,29.2,1.0,,,,7.1,7.0,6.8,6.6,0.0,0.0,0.8,0.0,,,,True,True,True,False,False,True,True,False,0.95
2026-05-26 05:22:03,SMOKE,6,33.7,35.6,35.8,35.9,56.5,22.7,30.0,1.0,,,,37.4,39.9,40.4,40.7,56.5,22.7,30.0,1.0,,,,-3.7,-4.3,-4.6,-4.8,0.0,0.0,0.0,0.0,,,,27.3,29.2,29.6,29.9,56.5,22.7,29.3,1.0,,,,6.4,6.4,6.2,6.0,0.0,0.0,0.7,0.0,,,,True,True,True,False,False,True,True,False,0.95
2026-05-26 05:22:04,SMOKE,6,33.0,34.9,35.1,35.2,56.5,22.7,30.0,1.0,,,,36.9,39.3,39.8,40.1,56.5,22.7,30.0,1.0,,,,-3.9,-4.4,-4.7,-4.9,0.0,0.0,0.0,0.0,,,,27.4,29.3,29.7,30.0,56.5,22.7,29.3,1.0,,,,5.6,5.6,5.4,5.2,0.0,0.0,0.7,0.0,,,,True,True,True,False,False,True,True,False,0.95
2026-05-26 05:22:05,SMOKE,6,32.3,34.2,34.5,34.6,56.5,22.7,30.0,1.0,,,,36.4,38.8,39.2,39.4,56.5,22.7,30.0,1.0,,,,-4.1,-4.6,-4.7,-4.8,0.0,0.0,0.0,0.0,,,,27.5,29.4,29.8,30.1,56.5,22.7,29.3,1.0,,,,4.8,4.8,4.7,4.5,0.0,0.0,0.7,0.0,,,,True,True,True,False,False,True,True,False,0.94
2026-05-26 05:22:06,SMOKE,6,31.3,33.2,33.5,33.7,56.5,22.7,30.0,1.0,,,,35.9,38.1,38.6,38.8,56.5,22.7,30.0,1.0,,,,-4.6,-4.9,-5.1,-5.1,0.0,0.0,0.0,0.0,,,,27.5,29.5,29.9,30.1,56.5,22.7,29.3,1.0,,,,3.8,3.7,3.6,3.6,0.0,0.0,0.7,0.0,,,,True,True,True,False,False,True,True,False,0.94
2026-05-26 05:22:08,SMOKE,6,30.9,32.8,33.1,33.3,56.4,22.7,30.0,1.0,,,,35.4,37.5,37.9,38.1,56.5,22.7,30.0,1.0,,,,-4.5,-4.7,-4.8,-4.8,-0.1,0.0,0.0,0.0,,,,27.6,29.5,30.0,30.2,56.5,22.7,29.3,1.0,,,,3.3,3.3,3.1,3.1,-0.1,0.0,0.7,0.0,,,,True,True,True,False,False,True,True,False,0.94
2026-05-26 06:20:39,SMOKE,4,11.1,11.7,11.7,11.7,57.1,22.1,21.0,1.0,,,,8.6,9.0,9.0,9.0,57.1,22.1,21.0,1.0,,,,2.5,2.7,2.7,2.7,0.0,0.0,0.0,0.0,,,,8.0,8.4,8.4,8.4,57.0,22.1,21.0,1.0,,,,3.1,3.3,3.3,3.3,0.1,0.0,0.0,0.0,,,,True,True,True,False,False,False,False,False,0.95
2026-05-26 06:20:42,SMOKE,5,11.5,12.1,12.1,12.1,57.1,22.1,21.0,1.0,,,,8.8,9.3,9.3,9.3,57.1,22.1,21.0,1.0,,,,2.7,2.8,2.8,2.8,0.0,0.0,0.0,0.0,,,,8.0,8.4,8.4,8.4,57.0,22.1,21.0,1.0,,,,3.5,3.7,3.7,3.7,0.1,0.0,0.0,0.0,,,,True,True,True,False,False,False,True,False,0.95
2026-05-26 06:20:43,SMOKE,7,11.6,12.2,12.2,12.2,57.1,22.1,21.0,1.0,,,,9.1,9.6,9.6,9.6,57.1,22.1,21.0,1.0,,,,2.5,2.6,2.6,2.6,0.0,0.0,0.0,0.0,,,,8.0,8.4,8.4,8.4,57.0,22.1,21.0,1.0,,,,3.6,3.8,3.8,3.8,0.1,0.0,0.0,0.0,,,,True,True,True,True,False,False,True,False,0.95
2026-05-26 06:20:44,SMOKE,9,11.7,12.3,12.3,12.3,57.1,22.1,21.0,1.0,,,,9.4,9.9,9.9,9.9,57.1,22.1,21.0,1.0,,,,2.3,2.4,2.4,2.4,0.0,0.0,0.0,0.0,,,,8.0,8.4,8.4,8.4,57.0,22.1,21.0,1.0,,,,3.7,3.9,3.9,3.9,0.1,0.0,0.0,0.0,,,,True,True,True,True,True,False,True,False,0.95
2026-05-26 06:20:45,SMOKE,10,12.0,12.5,12.5,12.5,57.1,22.1,21.0,1.0,,,,9.8,10.3,10.3,10.3,57.1,22.1,21.0,1.0,,,,2.2,2.2,2.2,2.2,0.0,0.0,0.0,0.0,,,,8.0,8.4,8.4,8.4,57.0,22.1,21.0,1.0,,,,4.0,4.1,4.1,4.1,0.1,0.0,0.0,0.0,,,,True,True,True,True,True,True,True,False,0.96
2026-05-26 06:20:46,SMOKE,10,12.1,12.7,12.7,12.7,57.1,22.1,21.0,1.0,,,,10.1,10.6,10.6,10.6,57.1,22.1,21.0,1.0,,,,2.0,2.1,2.1,2.1,0.0,0.0,0.0,0.0,,,,8.0,8.4,8.4,8.4,57.0,22.1,21.0,1.0,,,,4.1,4.3,4.3,4.3,0.1,0.0,0.0,0.0,,,,True,True,True,True,True,True,True,False,0.95
2026-05-26 06:20:47,SMOKE,10,12.3,12.9,12.9,12.9,57.1,22.1,21.0,1.0,,,,10.4,11.0,11.0,11.0,57.1,22.1,21.0,1.0,,,,1.9,1.9,1.9,1.9,0.0,0.0,0.0,0.0,,,,8.0,8.4,8.4,8.4,57.0,22.1,21.0,1.0,,,,4.3,4.5,4.5,4.5,0.1,0.0,0.0,0.0,,,,True,True,True,True,True,True,True,False,0.95
2026-05-26 06:20:48,SMOKE,10,12.4,13.0,13.0,13.0,57.1,22.1,21.0,1.0,,,,10.8,11.3,11.3,11.3,57.1,22.1,21.0,1.0,,,,1.6,1.7,1.7,1.7,0.0,0.0,0.0,0.0,,,,8.1,8.5,8.5,8.5,57.0,22.1,21.0,1.0,,,,4.3,4.5,4.5,4.5,0.1,0.0,0.0,0.0,,,,True,True,True,True,True,True,True,False,0.95
2026-05-26 06:20:49,SMOKE,10,12.6,13.2,13.2,13.2,57.1,22.1,21.0,1.0,,,,11.1,11.6,11.6,11.6,57.1,22.1,21.0,1.0,,,,1.5,1.6,1.6,1.6,0.0,0.0,0.0,0.0,,,,8.1,8.5,8.5,8.5,57.0,22.1,21.0,1.0,,,,4.5,4.7,4.7,4.7,0.1,0.0,0.0,0.0,,,,True,True,True,True,True,True,True,False,0.95
2026-05-26 06:20:50,SMOKE,10,12.8,13.5,13.5,13.5,57.1,22.1,21.0,1.0,,,,11.3,11.9,11.9,11.9,57.1,22.1,21.0,1.0,,,,1.5,1.6,1.6,1.6,0.0,0.0,0.0,0.0,,,,8.1,8.5,8.5,8.5,57.0,22.1,21.0,1.0,,,,4.7,5.0,5.0,5.0,0.1,0.0,0.0,0.0,,,,True,True,True,True,True,True,True,False,0.95
2026-05-26 06:20:51,SMOKE,10,13.0,13.6,13.6,13.6,57.1,22.1,21.0,1.0,,,,11.6,12.1,12.1,12.1,57.1,22.1,21.0,1.0,,,,1.4,1.5,1.5,1.5,0.0,0.0,0.0,0.0,,,,8.1,8.5,8.5,8.5,57.0,22.1,21.0,1.0,,,,4.9,5.1,5.1,5.1,0.1,0.0,0.0,0.0,,,,True,True,True,True,True,True,True,False,0.96
2026-05-26 06:20:52,SMOKE,10,13.2,13.9,13.9,13.9,57.1,22.1,21.0,1.0,,,,11.8,12.4,12.4,12.4,57.1,22.1,21.0,1.0,,,,1.4,1.5,1.5,1.5,0.0,0.0,0.0,0.0,,,,8.1,8.5,8.5,8.5,57.0,22.1,21.0,1.0,,,,5.1,5.4,5.4,5.4,0.1,0.0,0.0,0.0,,,,True,True,True,True,True,True,True,False,0.95
2026-05-26 06:20:53,SMOKE,10,13.5,14.2,14.2,14.2,57.1,22.1,21.0,1.0,,,,12.0,12.6,12.6,12.6,57.1,22.1,21.0,1.0,,,,1.5,1.6,1.6,1.6,0.0,0.0,0.0,0.0,,,,8.1,8.5,8.5,8.5,57.0,22.1,21.0,1.0,,,,5.4,5.7,5.7,5.7,0.1,0.0,0.0,0.0,,,,True,True,True,True,True,True,True,False,0.95
2026-05-26 06:20:54,SMOKE,10,13.7,14.4,14.4,14.4,57.1,22.1,21.0,1.0,,,,12.2,12.8,12.8,12.8,57.1,22.1,21.0,1.0,,,,1.5,1.6,1.6,1.6,0.0,0.0,0.0,0.0,,,,8.2,8.6,8.6,8.6,57.0,22.1,21.0,1.0,,,,5.5,5.8,5.8,5.8,0.1,0.0,0.0,0.0,,,,True,True,True,True,True,True,True,False,0.95
2026-05-26 06:20:55,SMOKE,10,14.2,14.9,14.9,14.9,57.1,22.1,21.0,1.0,,,,12.4,13.0,13.0,13.0,57.1,22.1,21.0,1.0,,,,1.8,1.9,1.9,1.9,0.0,0.0,0.0,0.0,,,,8.2,8.6,8.6,8.6,57.0,22.1,21.0,1.0,,,,6.0,6.3,6.3,6.3,0.1,0.0,0.0,0.0,,,,True,True,True,True,True,True,True,False,0.95
2026-05-26 06:20:56,SMOKE,10,15.2,15.9,15.9,15.9,57.1,22.1,21.0,1.0,,,,12.6,13.2,13.2,13.2,57.1,22.1,21.0,1.0,,,,2.6,2.7,2.7,2.7,0.0,0.0,0.0,0.0,,,,8.2,8.6,8.6,8.6,57.0,22.1,21.0,1.0,,,,7.0,7.3,7.3,7.3,0.1,0.0,0.0,0.0,,,,True,True,True,True,True,True,True,False,0.96
2026-05-26 06:20:57,SMOKE,10,16.0,16.8,16.8,16.8,57.1,22.1,21.0,1.0,,,,12.9,13.5,13.5,13.5,57.1,22.1,21.0,1.0,,,,3.1,3.3,3.3,3.3,0.0,0.0,0.0,0.0,,,,8.2,8.6,8.6,8.6,57.0,22.1,21.0,1.0,,,,7.8,8.2,8.2,8.2,0.1,0.0,0.0,0.0,,,,True,True,True,True,True,True,True,False,0.95
2026-05-26 06:20:58,SMOKE,10,16.7,17.5,17.5,17.5,57.1,22.1,21.0,1.0,,,,13.2,13.8,13.8,13.8,57.1,22.1,21.0,1.0,,,,3.5,3.7,3.7,3.7,0.0,0.0,0.0,0.0,,,,8.2,8.6,8.6,8.6,57.0,22.1,21.0,1.0,,,,8.5,8.9,8.9,8.9,0.1,0.0,0.0,0.0,,,,True,True,True,True,True,True,True,False,0.95
2026-05-26 06:20:59,SMOKE,10,17.3,18.1,18.1,18.1,57.1,22.1,21.0,1.0,,,,13.5,14.2,14.2,14.2,57.1,22.1,21.0,1.0,,,,3.8,3.9,3.9,3.9,0.0,0.0,0.0,0.0,,,,8.3,8.7,8.7,8.7,57.0,22.1,21.0,1.0,,,,9.0,9.4,9.4,9.4,0.1,0.0,0.0,0.0,,,,True,True,True,True,True,True,True,False,0.96
2026-05-26 06:21:00,SMOKE,10,18.0,18.9,18.9,18.9,57.1,22.1,21.0,1.0,,,,13.9,14.6,14.6,14.6,57.1,22.1,21.0,1.0,,,,4.1,4.3,4.3,4.3,0.0,0.0,0.0,0.0,,,,8.3,8.7,8.7,8.7,57.0,22.1,21.0,1.0,,,,9.7,10.2,10.2,10.2,0.1,0.0,0.0,0.0,,,,True,True,True,True,True,True,True,False,0.95
2026-05-26 06:21:01,SMOKE,10,18.6,19.5,19.5,19.5,57.1,22.1,21.0,1.0,,,,14.3,15.1,15.1,15.1,57.1,22.1,21.0,1.0,,,,4.3,4.4,4.4,4.4,0.0,0.0,0.0,0.0,,,,8.3,8.7,8.7,8.7,57.0,22.1,21.0,1.0,,,,10.3,10.8,10.8,10.8,0.1,0.0,0.0,0.0,,,,True,True,True,True,True,True,True,False,0.95
2026-05-26 06:21:02,SMOKE,10,19.1,20.1,20.1,20.1,57.1,22.1,21.0,1.0,,,,14.8,15.5,15.5,15.5,57.1,22.1,21.0,1.0,,,,4.3,4.6,4.6,4.6,0.0,0.0,0.0,0.0,,,,8.4,8.8,8.8,8.8,57.0,22.1,21.0,1.0,,,,10.7,11.3,11.3,11.3,0.1,0.0,0.0,0.0,,,,True,True,True,True,True,True,True,False,0.95
2026-05-26 06:21:03,SMOKE,10,19.8,20.8,20.8,20.8,57.1,22.1,21.0,1.0,,,,15.3,16.0,16.0,16.0,57.1,22.1,21.0,1.0,,,,4.5,4.8,4.8,4.8,0.0,0.0,0.0,0.0,,,,8.4,8.8,8.8,8.8,57.0,22.1,21.0,1.0,,,,11.4,12.0,12.0,12.0,0.1,0.0,0.0,0.0,,,,True,True,True,True,True,True,True,False,0.95
2026-05-26 06:21:04,SMOKE,10,20.7,21.7,21.7,21.7,57.1,22.1,21.0,1.0,,,,15.8,16.6,16.6,16.6,57.1,22.1,21.0,1.0,,,,4.9,5.1,5.1,5.1,0.0,0.0,0.0,0.0,,,,8.4,8.9,8.9,8.9,57.0,22.1,21.0,1.0,,,,12.3,12.8,12.8,12.8,0.1,0.0,0.0,0.0,,,,True,True,True,True,True,True,True,False,0.95
2026-05-26 06:21:05,SMOKE,10,21.4,22.5,22.5,22.5,57.1,22.1,21.0,1.0,,,,16.4,17.2,17.2,17.2,57.1,22.1,21.0,1.0,,,,5.0,5.3,5.3,5.3,0.0,0.0,0.0,0.0,,,,8.5,8.9,8.9,8.9,57.0,22.1,21.0,1.0,,,,12.9,13.6,13.6,13.6,0.1,0.0,0.0,0.0,,,,True,True,True,True,True,True,True,False,0.95
2026-05-26 06:21:06,SMOKE,10,22.6,23.7,23.7,23.7,57.1,22.1,21.0,1.0,,,,17.0,17.8,17.8,17.8,57.1,22.1,21.0,1.0,,,,5.6,5.9,5.9,5.9,0.0,0.0,0.0,0.0,,,,8.5,9.0,9.0,9.0,57.0,22.1,21.0,1.0,,,,14.1,14.7,14.7,14.7,0.1,0.0,0.0,0.0,,,,True,True,True,True,True,True,True,False,0.95
2026-05-26 06:21:07,SMOKE,10,24.4,25.6,25.6,25.6,57.1,22.1,21.0,1.0,,,,17.6,18.5,18.5,18.5,57.1,22.1,21.0,1.0,,,,6.8,7.1,7.1,7.1,0.0,0.0,0.0,0.0,,,,8.6,9.0,9.0,9.0,57.0,22.1,21.0,1.0,,,,15.8,16.6,16.6,16.6,0.1,0.0,0.0,0.0,,,,True,True,True,True,True,True,True,False,0.95
2026-05-26 06:21:08,SMOKE,10,25.5,26.7,26.7,26.7,57.1,22.1,21.0,1.0,,,,18.4,19.3,19.3,19.3,57.1,22.1,21.0,1.0,,,,7.1,7.4,7.4,7.4,0.0,0.0,0.0,0.0,,,,8.6,9.1,9.1,9.1,57.0,22.1,21.0,1.0,,,,16.9,17.6,17.6,17.6,0.1,0.0,0.0,0.0,,,,True,True,True,True,True,True,True,False,0.96
2026-05-26 06:21:09,SMOKE,10,26.5,27.7,27.7,27.7,57.1,22.1,21.0,1.0,,,,19.2,20.2,20.2,20.2,57.1,22.1,21.0,1.0,,,,7.3,7.5,7.5,7.5,0.0,0.0,0.0,0.0,,,,8.7,9.1,9.1,9.1,57.0,22.1,21.0,1.0,,,,17.8,18.6,18.6,18.6,0.1,0.0,0.0,0.0,,,,True,True,True,True,True,True,True,False,0.96
2026-05-26 06:21:11,SMOKE,10,27.7,29.1,29.1,29.1,57.1,22.1,21.0,1.0,,,,20.1,21.1,21.1,21.1,57.1,22.1,21.0,1.0,,,,7.6,8.0,8.0,8.0,0.0,0.0,0.0,0.0,,,,8.8,9.2,9.2,9.2,57.0,22.1,21.0,1.0,,,,18.9,19.9,19.9,19.9,0.1,0.0,0.0,0.0,,,,True,True,True,True,True,True,True,False,0.95
2026-05-26 06:21:12,SMOKE,10,29.7,31.2,31.2,31.2,57.1,22.1,21.0,1.0,,,,21.0,22.1,22.1,22.1,57.1,22.1,21.0,1.0,,,,8.7,9.1,9.1,9.1,0.0,0.0,0.0,0.0,,,,8.8,9.3,9.3,9.3,57.0,22.1,21.0,1.0,,,,20.9,21.9,21.9,21.9,0.1,0.0,0.0,0.0,,,,True,True,True,True,True,True,True,False,0.95
2026-05-26 06:21:13,SMOKE,10,31.7,33.2,33.2,33.2,57.1,22.1,21.0,1.0,,,,22.0,23.1,23.1,23.1,57.1,22.1,21.0,1.0,,,,9.7,10.1,10.1,10.1,0.0,0.0,0.0,0.0,,,,8.9,9.3,9.3,9.3,57.0,22.1,21.0,1.0,,,,22.8,23.9,23.9,23.9,0.1,0.0,0.0,0.0,,,,True,True,True,True,True,True,True,False,0.95
2026-05-26 06:21:14,SMOKE,10,33.5,35.1,35.1,35.1,57.1,22.1,21.0,1.0,,,,23.1,24.2,24.2,24.2,57.1,22.1,21.0,1.0,,,,10.4,10.9,10.9,10.9,0.0,0.0,0.0,0.0,,,,9.0,9.4,9.4,9.4,57.0,22.1,21.0,1.0,,,,24.5,25.7,25.7,25.7,0.1,0.0,0.0,0.0,,,,True,True,True,True,True,True,True,False,0.95
2026-05-26 06:21:15,SMOKE,10,33.8,35.5,35.5,35.5,57.1,22.1,21.0,1.0,,,,24.2,25.4,25.4,25.4,57.1,22.1,21.0,1.0,,,,9.6,10.1,10.1,10.1,0.0,0.0,0.0,0.0,,,,9.1,9.5,9.5,9.5,57.0,22.1,21.0,1.0,,,,24.7,26.0,26.0,26.0,0.1,0.0,0.0,0.0,,,,True,True,True,True,True,True,True,False,0.95
2026-05-26 06:21:16,SMOKE,10,34.1,35.8,35.8,35.8,57.1,22.1,21.0,1.0,,,,25.4,26.6,26.6,26.6,57.1,22.1,21.0,1.0,,,,8.7,9.2,9.2,9.2,0.0,0.0,0.0,0.0,,,,9.2,9.6,9.6,9.6,57.0,22.1,21.0,1.0,,,,24.9,26.2,26.2,26.2,0.1,0.0,0.0,0.0,,,,True,True,True,True,True,True,True,False,0.95
2026-05-26 06:21:17,SMOKE,10,34.3,36.0,36.0,36.0,57.1,22.1,21.0,1.0,,,,26.5,27.8,27.8,27.8,57.1,22.1,21.0,1.0,,,,7.8,8.2,8.2,8.2,0.0,0.0,0.0,0.0,,,,9.2,9.7,9.7,9.7,57.0,22.1,21.0,1.0,,,,25.1,26.3,26.3,26.3,0.1,0.0,0.0,0.0,,,,True,True,True,True,True,True,True,False,0.95
2026-05-26 06:21:18,SMOKE,10,34.5,36.1,36.1,36.1,57.1,22.1,21.0,1.0,,,,27.6,28.9,28.9,28.9,57.1,22.1,21.0,1.0,,,,6.9,7.2,7.2,7.2,0.0,0.0,0.0,0.0,,,,9.3,9.8,9.8,9.8,57.0,22.1,21.0,1.0,,,,25.2,26.3,26.3,26.3,0.1,0.0,0.0,0.0,,,,True,True,True,True,True,True,True,False,0.96
2026-05-26 06:21:19,SMOKE,10,34.6,36.3,36.3,36.3,57.1,22.1,21.0,1.0,,,,28.6,30.0,30.0,30.0,57.1,22.1,21.0,1.0,,,,6.0,6.3,6.3,6.3,0.0,0.0,0.0,0.0,,,,9.4,9.9,9.9,9.9,57.0,22.1,21.0,1.0,,,,25.2,26.4,26.4,26.4,0.1,0.0,0.0,0.0,,,,True,True,True,True,True,True,True,False,0.95
2026-05-26 06:21:20,SMOKE,10,34.7,36.4,36.4,36.4,57.1,22.1,21.0,1.0,,,,29.6,31.0,31.0,31.0,57.1,22.1,21.0,1.0,,,,5.1,5.4,5.4,5.4,0.0,0.0,0.0,0.0,,,,9.5,10.0,10.0,10.0,57.0,22.1,21.0,1.0,,,,25.2,26.4,26.4,26.4,0.1,0.0,0.0,0.0,,,,True,True,True,True,True,True,True,False,0.95
2026-05-26 06:21:21,SMOKE,10,34.8,36.5,36.5,36.5,57.1,22.1,21.0,1.0,,,,30.5,32.0,32.0,32.0,57.1,22.1,21.0,1.0,,,,4.3,4.5,4.5,4.5,0.0,0.0,0.0,0.0,,,,9.6,10.1,10.1,10.1,57.0,22.1,21.0,1.0,,,,25.2,26.4,26.4,26.4,0.1,0.0,0.0,0.0,,,,True,True,True,True,True,True,True,False,0.95
2026-05-26 06:21:22,SMOKE,10,35.2,36.9,36.9,36.9,57.1,22.1,21.0,1.0,,,,31.4,32.9,32.9,32.9,57.1,22.1,21.0,1.0,,,,3.8,4.0,4.0,4.0,0.0,0.0,0.0,0.0,,,,9.7,10.2,10.2,10.2,57.0,22.1,21.0,1.0,,,,25.5,26.7,26.7,26.7,0.1,0.0,0.0,0.0,,,,True,True,True,True,True,True,True,False,0.95
2026-05-26 06:21:23,SMOKE,10,35.6,37.3,37.3,37.3,57.1,22.1,21.0,1.0,,,,32.2,33.8,33.8,33.8,57.1,22.1,21.0,1.0,,,,3.4,3.5,3.5,3.5,0.0,0.0,0.0,0.0,,,,9.8,10.3,10.3,10.3,57.0,22.1,21.0,1.0,,,,25.8,27.0,27.0,27.0,0.1,0.0,0.0,0.0,,,,True,True,True,True,True,True,True,False,0.95
2026-05-26 06:21:24,SMOKE,10,36.0,37.7,37.7,37.7,57.1,22.1,22.0,1.0,,,,32.9,34.5,34.5,34.5,57.1,22.1,21.0,1.0,,,,3.1,3.2,3.2,3.2,0.0,0.0,1.0,0.0,,,,9.9,10.4,10.4,10.4,57.0,22.1,21.0,1.0,,,,26.1,27.3,27.3,27.3,0.1,0.0,1.0,0.0,,,,True,True,True,True,True,True,True,False,0.95
2026-05-26 06:21:25,SMOKE,10,36.3,38.1,38.1,38.1,57.1,22.1,22.0,1.0,,,,33.6,35.2,35.2,35.2,57.1,22.1,21.1,1.0,,,,2.7,2.9,2.9,2.9,0.0,0.0,0.9,0.0,,,,10.0,10.5,10.5,10.5,57.0,22.1,21.0,1.0,,,,26.3,27.6,27.6,27.6,0.1,0.0,1.0,0.0,,,,True,True,True,True,True,True,True,False,0.95
2026-05-26 06:21:26,SMOKE,10,36.7,38.5,38.5,38.5,57.1,22.1,22.0,1.0,,,,34.2,35.9,35.9,35.9,57.1,22.1,21.1,1.0,,,,2.5,2.6,2.6,2.6,0.0,0.0,0.9,0.0,,,,10.1,10.6,10.6,10.6,57.0,22.1,21.0,1.0,,,,26.6,27.9,27.9,27.9,0.1,0.0,1.0,0.0,,,,True,True,True,True,True,True,True,False,0.95
2026-05-26 06:21:27,SMOKE,10,37.0,38.8,38.8,38.8,57.1,22.1,22.0,1.0,,,,34.7,36.4,36.4,36.4,57.1,22.1,21.2,1.0,,,,2.3,2.4,2.4,2.4,0.0,0.0,0.8,0.0,,,,10.2,10.7,10.7,10.7,57.0,22.1,21.0,1.0,,,,26.8,28.1,28.1,28.1,0.1,0.0,1.0,0.0,,,,True,True,True,True,True,True,True,False,0.95
2026-05-26 06:21:28,SMOKE,10,37.3,39.2,39.2,39.2,57.1,22.1,22.0,1.0,,,,35.1,36.8,36.8,36.8,57.1,22.1,21.3,1.0,,,,2.2,2.4,2.4,2.4,0.0,0.0,0.7,0.0,,,,10.2,10.8,10.8,10.8,57.0,22.1,21.0,1.0,,,,27.1,28.4,28.4,28.4,0.1,0.0,1.0,0.0,,,,True,True,True,True,True,True,True,False,0.95
2026-05-26 06:21:29,SMOKE,10,37.7,39.5,39.5,39.5,57.2,22.1,22.0,1.0,,,,35.4,37.1,37.1,37.1,57.1,22.1,21.4,1.0,,,,2.3,2.4,2.4,2.4,0.1,0.0,0.6,0.0,,,,10.3,10.9,10.9,10.9,57.0,22.1,21.0,1.0,,,,27.4,28.6,28.6,28.6,0.2,0.0,1.0,0.0,,,,True,True,True,True,True,True,True,False,0.95
2026-05-26 06:21:30,SMOKE,10,38.1,39.9,39.9,39.9,57.1,22.1,22.0,1.0,,,,35.6,37.4,37.4,37.4,57.1,22.1,21.4,1.0,,,,2.5,2.5,2.5,2.5,0.0,0.0,0.6,0.0,,,,10.4,11.0,11.0,11.0,57.0,22.1,21.0,1.0,,,,27.7,28.9,28.9,28.9,0.1,0.0,1.0,0.0,,,,True,True,True,True,True,True,True,False,0.95
2026-05-26 06:21:31,SMOKE,10,38.5,40.4,40.5,40.5,57.2,22.1,22.0,1.0,,,,35.9,37.7,37.7,37.7,57.1,22.1,21.5,1.0,,,,2.6,2.7,2.8,2.8,0.1,0.0,0.5,0.0,,,,10.5,11.1,11.1,11.1,57.0,22.1,21.0,1.0,,,,28.0,29.3,29.4,29.4,0.2,0.0,1.0,0.0,,,,True,True,True,True,True,True,True,False,0.95
2026-05-26 06:21:32,SMOKE,10,38.9,40.9,41.0,41.1,57.1,22.1,22.0,1.0,,,,36.2,38.0,38.0,38.0,57.1,22.1,21.6,1.0,,,,2.7,2.9,3.0,3.1,0.0,0.0,0.4,0.0,,,,10.6,11.2,11.2,11.2,57.0,22.1,21.0,1.0,,,,28.3,29.7,29.8,29.9,0.1,0.0,1.0,0.0,,,,True,True,True,True,True,True,True,False,0.95
2026-05-26 06:21:33,SMOKE,10,39.3,41.4,41.6,41.7,57.1,22.1,22.0,1.0,,,,36.5,38.3,38.3,38.3,57.1,22.1,21.6,1.0,,,,2.8,3.1,3.3,3.4,0.0,0.0,0.4,0.0,,,,10.7,11.3,11.3,11.3,57.0,22.1,21.0,1.0,,,,28.6,30.1,30.3,30.4,0.1,0.0,1.0,0.0,,,,True,True,True,True,True,True,True,False,0.95
2026-05-26 06:21:34,SMOKE,10,39.5,41.7,41.9,42.1,57.1,22.1,22.0,1.0,,,,36.9,38.7,38.7,38.7,57.1,22.1,21.7,1.0,,,,2.6,3.0,3.2,3.4,0.0,0.0,0.3,0.0,,,,10.8,11.4,11.4,11.4,57.0,22.1,21.0,1.0,,,,28.7,30.3,30.5,30.7,0.1,0.0,1.0,0.0,,,,True,True,True,True,True,True,True,False,0.95
2026-05-26 06:21:35,SMOKE,10,39.9,42.2,42.4,42.6,57.1,22.1,22.0,1.0,,,,37.2,39.1,39.1,39.1,57.1,22.1,21.8,1.0,,,,2.7,3.1,3.3,3.5,0.0,0.0,0.2,0.0,,,,10.9,11.5,11.5,11.5,57.0,22.1,21.0,1.0,,,,29.0,30.7,30.9,31.1,0.1,0.0,1.0,0.0,,,,True,True,True,True,True,True,True,False,0.95
2026-05-26 06:21:36,SMOKE,10,40.2,42.6,42.9,43.1,57.1,22.1,22.0,1.0,,,,37.6,39.5,39.5,39.6,57.1,22.1,21.9,1.0,,,,2.6,3.1,3.4,3.5,0.0,0.0,0.1,0.0,,,,11.1,11.6,11.6,11.6,57.0,22.1,21.0,1.0,,,,29.1,31.0,31.3,31.5,0.1,0.0,1.0,0.0,,,,True,True,True,True,True,True,True,False,0.94
2026-05-26 06:21:37,SMOKE,10,40.7,43.1,43.5,43.7,57.1,22.1,22.0,1.0,,,,37.9,39.9,39.9,40.0,57.1,22.1,21.9,1.0,,,,2.8,3.2,3.6,3.7,0.0,0.0,0.1,0.0,,,,11.2,11.7,11.7,11.7,57.0,22.1,21.0,1.0,,,,29.5,31.4,31.8,32.0,0.1,0.0,1.0,0.0,,,,True,True,True,True,True,True,True,False,0.94
2026-05-26 06:21:38,SMOKE,10,41.0,43.5,44.0,44.2,57.1,22.1,22.0,1.0,,,,38.3,40.3,40.4,40.5,57.1,22.1,22.0,1.0,,,,2.7,3.2,3.6,3.7,0.0,0.0,0.0,0.0,,,,11.3,11.8,11.8,11.8,57.0,22.1,21.0,1.0,,,,29.7,31.7,32.2,32.4,0.1,0.0,1.0,0.0,,,,True,True,True,True,True,True,True,False,0.94
2026-05-26 06:21:39,SMOKE,10,41.4,44.1,44.6,44.8,57.1,22.1,22.0,1.0,,,,38.6,40.7,40.8,40.9,57.1,22.1,22.0,1.0,,,,2.8,3.4,3.8,3.9,0.0,0.0,0.0,0.0,,,,11.4,11.9,11.9,12.0,57.0,22.1,21.1,1.0,,,,30.0,32.2,32.7,32.8,0.1,0.0,0.9,0.0,,,,True,True,True,True,True,True,True,False,0.94
2026-05-26 06:21:40,SMOKE,10,42.1,44.8,45.4,45.6,57.1,22.1,22.0,1.0,,,,39.0,41.1,41.3,41.4,57.1,22.1,22.0,1.0,,,,3.1,3.7,4.1,4.2,0.0,0.0,0.0,0.0,,,,11.5,12.1,12.1,12.1,57.0,22.1,21.1,1.0,,,,30.6,32.7,33.3,33.5,0.1,0.0,0.9,0.0,,,,True,True,True,True,True,True,True,False,0.94
2026-05-26 06:21:41,SMOKE,10,42.7,45.5,46.2,46.5,57.1,22.1,22.0,1.0,,,,39.4,41.6,41.8,41.9,57.1,22.1,22.0,1.0,,,,3.3,3.9,4.4,4.6,0.0,0.0,0.0,0.0,,,,11.6,12.2,12.2,12.2,57.0,22.1,21.1,1.0,,,,31.1,33.3,34.0,34.3,0.1,0.0,0.9,0.0,,,,True,True,True,True,True,True,True,False,0.94
2026-05-26 06:21:42,SMOKE,10,43.2,46.2,46.9,47.2,57.2,22.1,22.0,1.0,,,,39.8,42.1,42.3,42.5,57.1,22.1,22.0,1.0,,,,3.4,4.1,4.6,4.7,0.1,0.0,0.0,0.0,,,,11.7,12.3,12.3,12.3,57.0,22.1,21.1,1.0,,,,31.5,33.9,34.6,34.9,0.2,0.0,0.9,0.0,,,,True,True,True,True,True,True,True,False,0.94
2026-05-26 06:21:43,SMOKE,10,43.7,46.7,47.4,47.8,57.2,22.1,22.0,1.0,,,,40.2,42.6,42.9,43.0,57.1,22.1,22.0,1.0,,,,3.5,4.1,4.5,4.8,0.1,0.0,0.0,0.0,,,,11.8,12.4,12.4,12.5,57.0,22.1,21.1,1.0,,,,31.9,34.3,35.0,35.3,0.2,0.0,0.9,0.0,,,,True,True,True,True,True,True,True,False,0.94
2026-05-26 06:21:44,SMOKE,10,44.1,47.2,48.0,48.4,57.2,22.1,22.0,1.0,,,,40.7,43.1,43.4,43.6,57.1,22.1,22.0,1.0,,,,3.4,4.1,4.6,4.8,0.1,0.0,0.0,0.0,,,,12.0,12.6,12.6,12.6,57.0,22.1,21.1,1.0,,,,32.1,34.6,35.4,35.8,0.2,0.0,0.9,0.0,,,,True,True,True,True,True,True,True,False,0.93
2026-05-26 06:21:45,SMOKE,10,44.4,47.6,48.5,48.9,57.2,22.1,22.0,1.0,,,,41.1,43.6,44.0,44.2,57.1,22.1,22.0,1.0,,,,3.3,4.0,4.5,4.7,0.1,0.0,0.0,0.0,,,,12.1,12.7,12.7,12.7,57.0,22.1,21.1,1.0,,,,32.3,34.9,35.8,36.2,0.2,0.0,0.9,0.0,,,,True,True,True,True,True,True,True,False,0.93
2026-05-26 06:21:46,SMOKE,10,44.8,48.1,49.0,49.5,57.2,22.1,22.0,1.0,,,,41.5,44.1,44.6,44.8,57.1,22.1,22.0,1.0,,,,3.3,4.0,4.4,4.7,0.1,0.0,0.0,0.0,,,,12.2,12.8,12.8,12.8,57.0,22.1,21.1,1.0,,,,32.6,35.3,36.2,36.7,0.2,0.0,0.9,0.0,,,,True,True,True,True,True,True,True,False,0.93
2026-05-26 06:21:47,SMOKE,10,45.0,48.4,49.4,49.9,57.2,22.1,22.0,1.0,,,,41.9,44.6,45.2,45.4,57.1,22.1,22.0,1.0,,,,3.1,3.8,4.2,4.5,0.1,0.0,0.0,0.0,,,,12.3,12.9,13.0,13.0,57.0,22.1,21.1,1.0,,,,32.7,35.5,36.4,36.9,0.2,0.0,0.9,0.0,,,,True,True,True,True,True,True,True,False,0.93
2026-05-26 06:21:48,SMOKE,10,45.3,48.8,49.8,50.4,57.2,22.1,22.0,1.0,,,,42.3,45.1,45.7,46.0,57.1,22.1,22.0,1.0,,,,3.0,3.7,4.1,4.4,0.1,0.0,0.0,0.0,,,,12.4,13.1,13.1,13.1,57.0,22.1,21.1,1.0,,,,32.9,35.7,36.7,37.3,0.2,0.0,0.9,0.0,,,,True,True,True,True,True,True,True,False,0.93
2026-05-26 06:21:50,SMOKE,10,45.5,49.1,50.3,50.8,57.2,22.1,22.0,1.0,,,,42.8,45.6,46.3,46.6,57.1,22.1,22.0,1.0,,,,2.7,3.5,4.0,4.2,0.1,0.0,0.0,0.0,,,,12.6,13.2,13.2,13.3,57.1,22.1,21.1,1.0,,,,32.9,35.9,37.1,37.5,0.1,0.0,0.9,0.0,,,,True,True,True,True,True,True,True,False,0.93
2026-05-26 06:21:51,SMOKE,10,45.8,49.5,50.7,51.3,57.2,22.1,22.0,1.0,,,,43.1,46.1,46.9,47.2,57.2,22.1,22.0,1.0,,,,2.7,3.4,3.8,4.1,0.0,0.0,0.0,0.0,,,,12.7,13.3,13.4,13.4,57.1,22.1,21.1,1.0,,,,33.1,36.2,37.3,37.9,0.1,0.0,0.9,0.0,,,,True,True,True,True,True,True,True,False,0.93
2026-05-26 06:21:52,SMOKE,10,46.2,49.9,51.1,51.7,57.2,22.1,22.0,1.0,,,,43.6,46.6,47.4,47.8,57.2,22.1,22.0,1.0,,,,2.6,3.3,3.7,3.9,0.0,0.0,0.0,0.0,,,,12.8,13.5,13.5,13.5,57.1,22.1,21.1,1.0,,,,33.4,36.4,37.6,38.2,0.1,0.0,0.9,0.0,,,,True,True,True,True,True,True,True,False,0.93
2026-05-26 06:21:53,SMOKE,10,46.4,50.2,51.5,52.1,57.2,22.1,22.0,1.0,,,,43.9,47.1,47.9,48.4,57.2,22.1,22.0,1.0,,,,2.5,3.1,3.6,3.7,0.0,0.0,0.0,0.0,,,,12.9,13.6,13.7,13.7,57.1,22.1,21.1,1.0,,,,33.5,36.6,37.8,38.4,0.1,0.0,0.9,0.0,,,,True,True,True,True,True,True,True,False,0.92
2026-05-26 06:21:54,SMOKE,10,46.8,50.6,51.9,52.6,57.2,22.1,22.0,1.0,,,,44.3,47.6,48.5,48.9,57.2,22.1,22.0,1.0,,,,2.5,3.0,3.4,3.7,0.0,0.0,0.0,0.0,,,,13.1,13.8,13.8,13.8,57.1,22.1,21.1,1.0,,,,33.7,36.8,38.1,38.8,0.1,0.0,0.9,0.0,,,,True,True,True,True,True,True,True,False,0.92
2026-05-26 06:21:55,SMOKE,10,47.2,51.1,52.5,53.1,57.2,22.1,22.0,1.0,,,,44.7,48.0,49.0,49.5,57.2,22.1,22.0,1.0,,,,2.5,3.1,3.5,3.6,0.0,0.0,0.0,0.0,,,,13.2,13.9,14.0,14.0,57.1,22.1,21.1,1.0,,,,34.0,37.2,38.5,39.1,0.1,0.0,0.9,0.0,,,,True,True,True,True,True,True,True,False,0.92
2026-05-26 06:21:56,SMOKE,10,48.0,52.0,53.4,54.0,57.2,22.1,22.0,1.0,,,,45.1,48.5,49.5,50.0,57.2,22.1,22.0,1.0,,,,2.9,3.5,3.9,4.0,0.0,0.0,0.0,0.0,,,,13.3,14.0,14.1,14.1,57.1,22.1,21.1,1.0,,,,34.7,38.0,39.3,39.9,0.1,0.0,0.9,0.0,,,,True,True,True,True,True,True,True,False,0.92
2026-05-26 06:21:57,SMOKE,10,48.9,52.9,54.3,55.0,57.2,22.1,22.0,1.0,,,,45.5,49.0,50.0,50.6,57.2,22.1,22.0,1.0,,,,3.4,3.9,4.3,4.4,0.0,0.0,0.0,0.0,,,,13.5,14.2,14.3,14.3,57.1,22.1,21.1,1.0,,,,35.4,38.7,40.0,40.7,0.1,0.0,0.9,0.0,,,,True,True,True,True,True,True,True,False,0.92
2026-05-26 06:21:58,SMOKE,10,50.4,54.6,56.0,56.8,57.2,22.1,22.0,1.0,,,,45.9,49.4,50.6,51.1,57.2,22.1,22.0,1.0,,,,4.5,5.2,5.4,5.7,0.0,0.0,0.0,0.0,,,,13.6,14.3,14.4,14.4,57.1,22.1,21.1,1.0,,,,36.8,40.3,41.6,42.4,0.1,0.0,0.9,0.0,,,,True,True,True,True,True,True,True,False,0.92
2026-05-26 06:21:59,SMOKE,10,50.8,55.1,56.6,57.3,57.2,22.1,22.0,1.0,,,,46.3,50.0,51.2,51.8,57.2,22.1,22.0,1.0,,,,4.5,5.1,5.4,5.5,0.0,0.0,0.0,0.0,,,,13.7,14.5,14.6,14.6,57.1,22.1,21.1,1.0,,,,37.1,40.6,42.0,42.7,0.1,0.0,0.9,0.0,,,,True,True,True,True,True,True,True,False,0.92
2026-05-26 06:22:00,SMOKE,10,51.2,55.5,57.0,57.8,57.2,22.1,22.0,1.0,,,,46.8,50.6,51.8,52.4,57.2,22.1,22.0,1.0,,,,4.4,4.9,5.2,5.4,0.0,0.0,0.0,0.0,,,,13.9,14.7,14.7,14.8,57.1,22.1,21.1,1.0,,,,37.3,40.8,42.3,43.0,0.1,0.0,0.9,0.0,,,,True,True,True,True,True,True,True,False,0.92
2026-05-26 06:22:01,SMOKE,10,51.6,56.0,57.5,58.3,57.2,22.1,22.0,1.0,,,,47.3,51.1,52.4,53.0,57.2,22.1,22.0,1.0,,,,4.3,4.9,5.1,5.3,0.0,0.0,0.0,0.0,,,,14.0,14.8,14.9,14.9,57.1,22.1,21.1,1.0,,,,37.6,41.2,42.6,43.4,0.1,0.0,0.9,0.0,,,,True,True,True,True,True,True,True,False,0.92
2026-05-26 06:22:02,SMOKE,10,52.1,56.5,58.0,58.8,57.2,22.1,22.0,1.0,,,,47.8,51.7,53.0,53.6,57.2,22.1,22.0,1.0,,,,4.3,4.8,5.0,5.2,0.0,0.0,0.0,0.0,,,,14.2,15.0,15.1,15.1,57.1,22.1,21.1,1.0,,,,37.9,41.5,42.9,43.7,0.1,0.0,0.9,0.0,,,,True,True,True,True,True,True,True,False,0.92
2026-05-26 06:22:03,SMOKE,10,52.5,57.0,58.5,59.3,57.2,22.1,23.0,1.0,,,,48.3,52.3,53.6,54.3,57.2,22.1,22.0,1.0,,,,4.2,4.7,4.9,5.0,0.0,0.0,1.0,0.0,,,,14.3,15.1,15.2,15.3,57.1,22.1,21.1,1.0,,,,38.2,41.9,43.3,44.0,0.1,0.0,1.9,0.0,,,,True,True,True,True,True,True,True,False,0.92
2026-05-26 06:22:04,SMOKE,10,53.0,57.5,59.1,59.9,57.2,22.1,23.0,1.0,,,,48.8,52.9,54.2,54.9,57.2,22.1,22.1,1.0,,,,4.2,4.6,4.9,5.0,0.0,0.0,0.9,0.0,,,,14.5,15.3,15.4,15.4,57.1,22.1,21.1,1.0,,,,38.5,42.2,43.7,44.5,0.1,0.0,1.9,0.0,,,,True,True,True,True,True,True,True,False,0.92
2026-05-26 06:22:05,SMOKE,10,53.5,58.0,59.6,60.4,57.2,22.1,23.0,1.0,,,,49.4,53.5,54.9,55.6,57.2,22.1,22.1,1.0,,,,4.1,4.5,4.7,4.8,0.0,0.0,0.9,0.0,,,,14.6,15.5,15.6,15.6,57.1,22.1,21.1,1.0,,,,38.9,42.5,44.0,44.8,0.1,0.0,1.9,0.0,,,,True,True,True,True,True,True,True,False,0.92
2026-05-26 06:22:06,SMOKE,10,54.1,58.7,60.3,61.1,57.2,22.1,23.0,1.0,,,,49.9,54.1,55.5,56.2,57.2,22.1,22.2,1.0,,,,4.2,4.6,4.8,4.9,0.0,0.0,0.8,0.0,,,,14.8,15.6,15.7,15.8,57.1,22.1,21.1,1.0,,,,39.3,43.1,44.6,45.3,0.1,0.0,1.9,0.0,,,,True,True,True,True,True,True,True,False,0.92
2026-05-26 06:22:07,SMOKE,10,54.7,59.3,60.9,61.8,57.2,22.1,23.0,1.0,,,,50.5,54.7,56.2,56.9,57.2,22.1,22.3,1.0,,,,4.2,4.6,4.7,4.9,0.0,0.0,0.7,0.0,,,,14.9,15.8,15.9,16.0,57.1,22.1,21.2,1.0,,,,39.8,43.5,45.0,45.8,0.1,0.0,1.8,0.0,,,,True,True,True,True,True,True,True,False,0.92
2026-05-26 06:22:08,SMOKE,10,55.3,60.0,61.6,62.4,57.2,22.1,23.0,1.0,,,,51.1,55.3,56.8,57.6,57.2,22.1,22.4,1.0,,,,4.2,4.7,4.8,4.8,0.0,0.0,0.6,0.0,,,,15.1,16.0,16.1,16.1,57.1,22.1,21.2,1.0,,,,40.2,44.0,45.5,46.3,0.1,0.0,1.8,0.0,,,,True,True,True,True,True,True,True,False,0.92
2026-05-26 06:22:09,SMOKE,10,55.8,60.5,62.1,63.0,57.2,22.1,23.0,1.0,,,,51.7,56.0,57.5,58.3,57.2,22.1,22.4,1.0,,,,4.1,4.5,4.6,4.7,0.0,0.0,0.6,0.0,,,,15.3,16.1,16.3,16.3,57.1,22.1,21.2,1.0,,,,40.5,44.4,45.8,46.7,0.1,0.0,1.8,0.0,,,,True,True,True,True,True,True,True,False,0.92
2026-05-26 06:22:10,SMOKE,10,56.2,60.9,62.5,63.4,57.2,22.1,23.0,1.0,,,,52.3,56.7,58.2,59.0,57.2,22.1,22.5,1.0,,,,3.9,4.2,4.3,4.4,0.0,0.0,0.5,0.0,,,,15.4,16.3,16.4,16.5,57.1,22.1,21.2,1.0,,,,40.8,44.6,46.1,46.9,0.1,0.0,1.8,0.0,,,,True,True,True,True,True,True,True,False,0.92
2026-05-26 06:22:11,SMOKE,10,56.7,61.4,63.0,63.8,57.2,22.1,23.0,1.0,,,,52.9,57.3,58.9,59.7,57.2,22.1,22.6,1.0,,,,3.8,4.1,4.1,4.1,0.0,0.0,0.4,0.0,,,,15.6,16.5,16.6,16.7,57.1,22.1,21.2,1.0,,,,41.1,44.9,46.4,47.1,0.1,0.0,1.8,0.0,,,,True,True,True,True,True,True,True,False,0.92
2026-05-26 06:22:12,SMOKE,10,57.1,61.5,62.8,63.4,57.2,22.1,23.0,1.0,,,,53.4,57.9,59.5,60.3,57.2,22.1,22.6,1.0,,,,3.7,3.6,3.3,3.1,0.0,0.0,0.4,0.0,,,,15.7,16.7,16.8,16.9,57.1,22.1,21.2,1.0,,,,41.4,44.8,46.0,46.5,0.1,0.0,1.8,0.0,,,,True,True,True,True,True,True,True,False,0.93
2026-05-26 06:22:13,SMOKE,10,57.5,61.9,63.2,63.8,57.2,22.1,23.0,1.0,,,,53.9,58.4,60.0,60.8,57.2,22.1,22.7,1.0,,,,3.6,3.5,3.2,3.0,0.0,0.0,0.3,0.0,,,,15.9,16.9,17.0,17.1,57.1,22.1,21.2,1.0,,,,41.6,45.0,46.2,46.7,0.1,0.0,1.8,0.0,,,,True,True,True,True,True,True,True,False,0.93
2026-05-26 06:22:14,SMOKE,10,57.9,62.3,63.6,64.3,57.2,22.1,23.0,1.0,,,,54.4,58.9,60.4,61.2,57.2,22.1,22.8,1.0,,,,3.5,3.4,3.2,3.1,0.0,0.0,0.2,0.0,,,,16.1,17.0,17.2,17.3,57.1,22.1,21.2,1.0,,,,41.8,45.3,46.4,47.0,0.1,0.0,1.8,0.0,,,,True,True,True,True,True,True,True,False,0.93
2026-05-26 06:22:15,SMOKE,10,58.5,62.9,64.2,64.8,57.2,22.1,23.0,1.0,,,,54.9,59.4,60.9,61.7,57.2,22.1,22.9,1.0,,,,3.6,3.5,3.3,3.1,0.0,0.0,0.1,0.0,,,,16.2,17.2,17.4,17.4,57.1,22.1,21.2,1.0,,,,42.3,45.7,46.8,47.4,0.1,0.0,1.8,0.0,,,,True,True,True,True,True,True,True,False,0.93
2026-05-26 06:22:16,SMOKE,10,59.0,63.5,64.8,65.5,57.2,22.1,23.0,1.0,,,,55.4,59.9,61.4,62.2,57.2,22.1,22.9,1.0,,,,3.6,3.6,3.4,3.3,0.0,0.0,0.1,0.0,,,,16.4,17.4,17.6,17.6,57.1,22.1,21.2,1.0,,,,42.6,46.1,47.2,47.9,0.1,0.0,1.8,0.0,,,,True,True,True,True,True,True,True,False,0.93
2026-05-26 06:22:17,SMOKE,10,59.5,64.0,65.4,66.1,57.2,22.1,23.0,1.0,,,,55.8,60.4,61.9,62.6,57.2,22.1,23.0,1.0,,,,3.7,3.6,3.5,3.5,0.0,0.0,0.0,0.0,,,,16.6,17.6,17.7,17.8,57.1,22.1,21.2,1.0,,,,42.9,46.4,47.7,48.3,0.1,0.0,1.8,0.0,,,,True,True,True,True,True,True,True,False,0.93
2026-05-26 06:22:18,SMOKE,10,60.0,64.6,66.0,66.7,57.2,22.1,23.0,1.0,,,,56.3,60.9,62.4,63.1,57.2,22.1,23.0,1.0,,,,3.7,3.7,3.6,3.6,0.0,0.0,0.0,0.0,,,,16.7,17.8,17.9,18.0,57.1,22.1,21.2,1.0,,,,43.3,46.8,48.1,48.7,0.1,0.0,1.8,0.0,,,,True,True,True,True,True,True,True,False,0.93
2026-05-26 06:22:19,SMOKE,10,60.5,65.2,66.6,67.3,57.2,22.1,23.0,1.0,,,,56.8,61.4,62.9,63.6,57.2,22.1,23.0,1.0,,,,3.7,3.8,3.7,3.7,0.0,0.0,0.0,0.0,,,,16.9,18.0,18.1,18.2,57.1,22.1,21.2,1.0,,,,43.6,47.2,48.5,49.1,0.1,0.0,1.8,0.0,,,,True,True,True,True,True,True,True,False,0.93
2026-05-26 06:22:20,SMOKE,10,60.9,65.6,67.0,67.7,57.2,22.1,23.0,1.0,,,,57.3,61.9,63.4,64.1,57.2,22.1,23.0,1.0,,,,3.6,3.7,3.6,3.6,0.0,0.0,0.0,0.0,,,,17.1,18.1,18.3,18.4,57.1,22.1,21.2,1.0,,,,43.8,47.5,48.7,49.3,0.1,0.0,1.8,0.0,,,,True,True,True,True,True,True,True,False,0.93
2026-05-26 06:22:21,SMOKE,10,61.4,66.2,67.6,68.3,57.2,22.1,23.0,1.0,,,,57.8,62.4,63.8,64.6,57.2,22.1,23.0,1.0,,,,3.6,3.8,3.8,3.7,0.0,0.0,0.0,0.0,,,,17.3,18.3,18.5,18.6,57.1,22.1,21.2,1.0,,,,44.1,47.9,49.1,49.7,0.1,0.0,1.8,0.0,,,,True,True,True,True,True,True,True,False,0.93
2026-05-26 06:22:22,SMOKE,10,61.9,66.7,68.2,68.9,57.2,22.1,23.0,1.0,,,,58.3,62.9,64.3,65.0,57.2,22.1,23.0,1.0,,,,3.6,3.8,3.9,3.9,0.0,0.0,0.0,0.0,,,,17.4,18.5,18.7,18.8,57.1,22.1,21.3,1.0,,,,44.5,48.2,49.5,50.1,0.1,0.0,1.7,0.0,,,,True,True,True,True,True,True,True,False,0.93
2026-05-26 06:22:23,SMOKE,10,62.4,67.2,68.7,69.5,57.2,22.1,23.0,1.0,,,,58.8,63.4,64.8,65.5,57.2,22.1,23.0,1.0,,,,3.6,3.8,3.9,4.0,0.0,0.0,0.0,0.0,,,,17.6,18.7,18.9,19.0,57.1,22.1,21.3,1.0,,,,44.8,48.5,49.8,50.5,0.1,0.0,1.7,0.0,,,,True,True,True,True,True,True,True,False,0.93
2026-05-26 06:22:24,SMOKE,10,62.8,67.7,69.2,70.0,57.2,22.1,23.0,1.0,,,,59.2,63.9,65.3,66.0,57.2,22.1,23.0,1.0,,,,3.6,3.8,3.9,4.0,0.0,0.0,0.0,0.0,,,,17.8,18.9,19.1,19.2,57.1,22.1,21.3,1.0,,,,45.0,48.8,50.1,50.8,0.1,0.0,1.7,0.0,,,,True,True,True,True,True,True,True,False,0.93
2026-05-26 06:22:25,SMOKE,10,63.3,68.2,69.7,70.5,57.2,22.1,23.0,1.0,,,,59.7,64.3,65.7,66.4,57.2,22.1,23.0,1.0,,,,3.6,3.9,4.0,4.1,0.0,0.0,0.0,0.0,,,,18.0,19.1,19.3,19.4,57.1,22.1,21.3,1.0,,,,45.3,49.1,50.4,51.1,0.1,0.0,1.7,0.0,,,,True,True,True,True,True,True,True,False,0.93
2026-05-26 06:22:27,SMOKE,10,63.9,68.9,70.4,71.2,57.2,22.1,24.0,1.0,,,,60.2,64.8,66.2,66.9,57.2,22.1,23.0,1.0,,,,3.7,4.1,4.2,4.3,0.0,0.0,1.0,0.0,,,,18.2,19.3,19.5,19.6,57.1,22.1,21.3,1.0,,,,45.7,49.6,50.9,51.6,0.1,0.0,2.7,0.0,,,,True,True,True,True,True,True,True,False,0.93
2026-05-26 06:22:28,SMOKE,10,64.5,69.5,71.0,71.8,57.2,22.1,24.0,1.0,,,,60.7,65.3,66.8,67.5,57.2,22.1,23.1,1.0,,,,3.8,4.2,4.2,4.3,0.0,0.0,0.9,0.0,,,,18.4,19.5,19.7,19.8,57.1,22.1,21.3,1.0,,,,46.1,50.0,51.3,52.0,0.1,0.0,2.7,0.0,,,,True,True,True,True,True,True,True,False,0.93
2026-05-26 06:22:29,SMOKE,10,65.1,70.1,71.7,72.5,57.2,22.1,24.0,1.0,,,,61.2,65.9,67.3,68.0,57.2,22.1,23.1,1.0,,,,3.9,4.2,4.4,4.5,0.0,0.0,0.9,0.0,,,,18.5,19.7,19.9,20.0,57.1,22.1,21.3,1.0,,,,46.6,50.4,51.8,52.5,0.1,0.0,2.7,0.0,,,,True,True,True,True,True,True,True,False,0.93
2026-05-26 06:22:30,SMOKE,10,65.8,70.9,72.4,73.2,57.2,22.1,24.0,1.0,,,,61.7,66.5,67.9,68.6,57.2,22.1,23.2,1.0,,,,4.1,4.4,4.5,4.6,0.0,0.0,0.8,0.0,,,,18.7,19.9,20.1,20.2,57.1,22.1,21.3,1.0,,,,47.1,51.0,52.3,53.0,0.1,0.0,2.7,0.0,,,,True,True,True,True,True,True,True,False,0.93
2026-05-26 06:22:31,SMOKE,10,66.2,71.3,72.9,73.7,57.2,22.1,24.0,1.0,,,,62.2,67.0,68.5,69.2,57.2,22.1,23.3,1.0,,,,4.0,4.3,4.4,4.5,0.0,0.0,0.7,0.0,,,,18.9,20.1,20.3,20.5,57.1,22.1,21.3,1.0,,,,47.3,51.2,52.6,53.2,0.1,0.0,2.7,0.0,,,,True,True,True,True,True,True,True,False,0.93
2026-05-26 06:22:32,SMOKE,10,66.9,72.1,73.7,74.5,57.2,22.1,24.0,1.0,,,,62.7,67.6,69.1,69.8,57.2,22.1,23.4,1.0,,,,4.2,4.5,4.6,4.7,0.0,0.0,0.6,0.0,,,,19.1,20.3,20.6,20.7,57.1,22.1,21.3,1.0,,,,47.8,51.8,53.1,53.8,0.1,0.0,2.7,0.0,,,,True,True,True,True,True,True,True,False,0.93
2026-05-26 06:22:33,SMOKE,10,67.6,72.8,74.4,75.2,57.2,22.1,24.0,1.0,,,,63.3,68.2,69.7,70.4,57.2,22.1,23.4,1.0,,,,4.3,4.6,4.7,4.8,0.0,0.0,0.6,0.0,,,,19.3,20.5,20.8,20.9,57.1,22.1,21.3,1.0,,,,48.3,52.3,53.6,54.3,0.1,0.0,2.7,0.0,,,,True,True,True,True,True,True,True,False,0.93
2026-05-26 06:22:34,SMOKE,10,68.1,73.5,75.1,75.9,57.2,22.1,24.0,1.0,,,,63.8,68.7,70.2,71.0,57.2,22.1,23.5,1.0,,,,4.3,4.8,4.9,4.9,0.0,0.0,0.5,0.0,,,,19.5,20.7,21.0,21.1,57.1,22.1,21.4,1.0,,,,48.6,52.8,54.1,54.8,0.1,0.0,2.6,0.0,,,,True,True,True,True,True,True,True,False,0.93
2026-05-26 06:22:35,SMOKE,10,68.7,74.0,75.7,76.6,57.2,22.1,24.0,1.0,,,,64.3,69.3,70.9,71.6,57.2,22.1,23.6,1.0,,,,4.4,4.7,4.8,5.0,0.0,0.0,0.4,0.0,,,,19.7,21.0,21.2,21.3,57.1,22.1,21.4,1.0,,,,49.0,53.0,54.5,55.3,0.1,0.0,2.6,0.0,,,,True,True,True,True,True,True,True,False,0.93
2026-05-26 06:22:36,SMOKE,10,69.3,74.8,76.5,77.3,57.2,22.1,24.0,1.0,,,,64.9,69.9,71.5,72.3,57.2,22.1,23.6,1.0,,,,4.4,4.9,5.0,5.0,0.0,0.0,0.4,0.0,,,,19.9,21.2,21.4,21.6,57.1,22.1,21.4,1.0,,,,49.4,53.6,55.1,55.7,0.1,0.0,2.6,0.0,,,,True,True,True,True,True,True,True,False,0.93
2026-05-26 06:22:37,SMOKE,10,70.3,75.9,77.6,78.5,57.2,22.1,24.0,1.0,,,,65.5,70.5,72.1,72.9,57.2,22.1,23.7,1.0,,,,4.8,5.4,5.5,5.6,0.0,0.0,0.3,0.0,,,,20.1,21.4,21.6,21.8,57.1,22.1,21.4,1.0,,,,50.2,54.5,56.0,56.7,0.1,0.0,2.6,0.0,,,,True,True,True,True,True,True,True,False,0.93
2026-05-26 06:22:38,SMOKE,10,71.4,77.0,78.8,79.7,57.2,22.1,24.0,1.0,,,,66.1,71.2,72.8,73.6,57.2,22.1,23.8,1.0,,,,5.3,5.8,6.0,6.1,0.0,0.0,0.2,0.0,,,,20.3,21.6,21.9,22.0,57.1,22.1,21.4,1.0,,,,51.1,55.4,56.9,57.7,0.1,0.0,2.6,0.0,,,,True,True,True,True,True,True,True,False,0.93
2026-05-26 06:22:39,SMOKE,10,72.1,77.9,79.7,80.6,57.2,22.1,24.0,1.0,,,,66.7,71.9,73.5,74.3,57.2,22.1,23.9,1.0,,,,5.4,6.0,6.2,6.3,0.0,0.0,0.1,0.0,,,,20.5,21.8,22.1,22.2,57.1,22.1,21.4,1.0,,,,51.6,56.1,57.6,58.4,0.1,0.0,2.6,0.0,,,,True,True,True,True,True,True,True,False,0.93
2026-05-26 06:22:40,SMOKE,10,72.7,78.5,80.3,81.3,57.2,22.1,24.0,1.0,,,,67.4,72.6,74.3,75.1,57.2,22.1,23.9,1.0,,,,5.3,5.9,6.0,6.2,0.0,0.0,0.1,0.0,,,,20.7,22.1,22.3,22.5,57.1,22.1,21.4,1.0,,,,52.0,56.4,58.0,58.8,0.1,0.0,2.6,0.0,,,,True,True,True,True,True,True,True,False,0.93
2026-05-26 06:22:41,SMOKE,10,73.1,79.0,80.8,81.8,57.2,22.1,24.0,1.0,,,,68.0,73.4,75.0,75.9,57.2,22.1,24.0,1.0,,,,5.1,5.6,5.8,5.9,0.0,0.0,0.0,0.0,,,,20.9,22.3,22.6,22.7,57.1,22.1,21.4,1.0,,,,52.2,56.7,58.2,59.1,0.1,0.0,2.6,0.0,,,,True,True,True,True,True,True,True,False,0.93
2026-05-26 06:22:42,SMOKE,10,73.8,79.7,81.6,82.6,57.2,22.1,24.0,1.0,,,,68.7,74.1,75.8,76.6,57.2,22.1,24.0,1.0,,,,5.1,5.6,5.8,6.0,0.0,0.0,0.0,0.0,,,,21.1,22.5,22.8,23.0,57.1,22.1,21.4,1.0,,,,52.7,57.2,58.8,59.6,0.1,0.0,2.6,0.0,,,,True,True,True,True,True,True,True,False,0.93
2026-05-26 06:22:43,SMOKE,10,74.0,80.0,82.0,83.0,57.2,22.1,24.0,1.0,,,,69.4,74.8,76.5,77.4,57.2,22.1,24.0,1.0,,,,4.6,5.2,5.5,5.6,0.0,0.0,0.0,0.0,,,,21.4,22.8,23.1,23.2,57.1,22.1,21.4,1.0,,,,52.6,57.2,58.9,59.8,0.1,0.0,2.6,0.0,,,,True,True,True,True,True,True,True,False,0.93
2026-05-26 06:22:44,SMOKE,10,74.2,80.2,82.2,83.2,57.2,22.1,24.0,1.0,,,,70.0,75.5,77.2,78.1,57.2,22.1,24.0,1.0,,,,4.2,4.7,5.0,5.1,0.0,0.0,0.0,0.0,,,,21.6,23.0,23.3,23.5,57.1,22.1,21.5,1.0,,,,52.6,57.2,58.9,59.7,0.1,0.0,2.5,0.0,,,,True,True,True,True,True,True,True,False,0.93
2026-05-26 06:22:45,SMOKE,10,74.4,80.5,82.6,83.6,57.2,22.1,24.0,1.0,,,,70.6,76.2,78.0,78.9,57.2,22.1,24.0,1.0,,,,3.8,4.3,4.6,4.7,0.0,0.0,0.0,0.0,,,,21.8,23.2,23.5,23.7,57.1,22.1,21.5,1.0,,,,52.6,57.3,59.1,59.9,0.1,0.0,2.5,0.0,,,,True,True,True,True,True,True,True,False,0.92
2026-05-26 06:22:46,SMOKE,10,74.6,80.8,82.8,83.9,57.2,22.1,25.0,1.0,,,,71.2,76.9,78.6,79.6,57.2,22.1,24.0,1.0,,,,3.4,3.9,4.2,4.3,0.0,0.0,1.0,0.0,,,,22.0,23.5,23.8,23.9,57.1,22.1,21.5,1.0,,,,52.6,57.3,59.0,60.0,0.1,0.0,3.5,0.0,,,,True,True,True,True,True,True,True,False,0.92
2026-05-26 06:22:47,SMOKE,10,75.0,81.2,83.3,84.3,57.2,22.1,25.0,1.0,,,,71.7,77.5,79.3,80.2,57.2,22.1,24.1,1.0,,,,3.3,3.7,4.0,4.1,0.0,0.0,0.9,0.0,,,,22.2,23.7,24.0,24.2,57.1,22.1,21.5,1.0,,,,52.8,57.5,59.3,60.1,0.1,0.0,3.5,0.0,,,,True,True,True,True,True,True,True,False,0.92
2026-05-26 06:22:48,SMOKE,10,75.5,81.7,83.8,84.9,57.2,22.1,25.0,1.0,,,,72.3,78.1,79.9,80.9,57.2,22.1,24.1,1.0,,,,3.2,3.6,3.9,4.0,0.0,0.0,0.9,0.0,,,,22.5,24.0,24.3,24.5,57.1,22.1,21.5,1.0,,,,53.0,57.7,59.5,60.4,0.1,0.0,3.5,0.0,,,,True,True,True,True,True,True,True,False,0.92
2026-05-26 06:22:49,SMOKE,10,76.1,82.4,84.5,85.6,57.2,22.1,25.0,1.0,,,,72.8,78.7,80.5,81.5,57.2,22.1,24.2,1.0,,,,3.3,3.7,4.0,4.1,0.0,0.0,0.8,0.0,,,,22.7,24.2,24.5,24.7,57.1,22.1,21.5,1.0,,,,53.4,58.2,60.0,60.9,0.1,0.0,3.5,0.0,,,,True,True,True,True,True,True,True,False,0.92
2026-05-26 06:22:50,SMOKE,10,76.8,83.2,85.3,86.3,57.2,22.1,25.0,1.0,,,,73.3,79.3,81.2,82.2,57.2,22.1,24.3,1.0,,,,3.5,3.9,4.1,4.1,0.0,0.0,0.7,0.0,,,,22.9,24.4,24.8,25.0,57.1,22.1,21.5,1.0,,,,53.9,58.8,60.5,61.3,0.1,0.0,3.5,0.0,,,,True,True,True,True,True,True,True,False,0.92
2026-05-26 06:22:51,SMOKE,10,77.4,83.7,85.8,86.9,57.2,22.1,25.0,1.0,,,,73.9,79.9,81.8,82.8,57.2,22.1,24.4,1.0,,,,3.5,3.8,4.0,4.1,0.0,0.0,0.6,0.0,,,,23.1,24.7,25.0,25.2,57.1,22.1,21.5,1.0,,,,54.3,59.0,60.8,61.7,0.1,0.0,3.5,0.0,,,,True,True,True,True,True,True,True,False,0.92
2026-05-26 06:22:52,SMOKE,10,78.0,84.4,86.5,87.6,57.2,22.1,25.0,1.0,,,,74.4,80.4,82.4,83.4,57.2,22.1,24.4,1.0,,,,3.6,4.0,4.1,4.2,0.0,0.0,0.6,0.0,,,,23.4,24.9,25.3,25.5,57.1,22.1,21.6,1.0,,,,54.6,59.5,61.2,62.1,0.1,0.0,3.4,0.0,,,,True,True,True,True,True,True,True,False,0.92
2026-05-26 06:22:53,SMOKE,10,78.4,84.9,87.0,88.1,57.2,22.1,25.0,1.0,,,,74.8,80.9,82.9,84.0,57.2,22.1,24.5,1.0,,,,3.6,4.0,4.1,4.1,0.0,0.0,0.5,0.0,,,,23.6,25.2,25.6,25.7,57.1,22.1,21.6,1.0,,,,54.8,59.7,61.4,62.4,0.1,0.0,3.4,0.0,,,,True,True,True,True,True,True,True,False,0.92
2026-05-26 06:22:54,SMOKE,10,79.0,85.5,87.7,88.8,57.2,22.1,25.0,1.0,,,,75.3,81.4,83.5,84.5,57.2,22.1,24.6,1.0,,,,3.7,4.1,4.2,4.3,0.0,0.0,0.4,0.0,,,,23.8,25.4,25.8,26.0,57.1,22.1,21.6,1.0,,,,55.2,60.1,61.9,62.8,0.1,0.0,3.4,0.0,,,,True,True,True,True,True,True,True,False,0.92
2026-05-26 06:22:55,SMOKE,10,79.6,86.1,88.3,89.4,57.2,22.1,25.0,1.0,,,,75.7,81.9,84.0,85.0,57.2,22.1,24.6,1.0,,,,3.9,4.2,4.3,4.4,0.0,0.0,0.4,0.0,,,,24.1,25.7,26.1,26.3,57.1,22.1,21.6,1.0,,,,55.5,60.4,62.2,63.1,0.1,0.0,3.4,0.0,,,,True,True,True,True,True,True,True,False,0.92
2026-05-26 06:22:56,SMOKE,10,80.0,86.6,88.8,89.9,57.1,22.1,25.0,1.0,,,,76.2,82.5,84.5,85.6,57.2,22.1,24.7,1.0,,,,3.8,4.1,4.3,4.3,-0.1,0.0,0.3,0.0,,,,24.3,26.0,26.4,26.5,57.1,22.1,21.6,1.0,,,,55.7,60.6,62.4,63.4,0.0,0.0,3.4,0.0,,,,True,True,True,True,True,True,True,False,0.92
2026-05-26 06:22:57,SMOKE,10,80.5,87.1,89.3,90.5,57.2,22.1,25.0,1.0,,,,76.6,82.9,85.0,86.1,57.2,22.1,24.8,1.0,,,,3.9,4.2,4.3,4.4,0.0,0.0,0.2,0.0,,,,24.5,26.2,26.6,26.8,57.1,22.1,21.6,1.0,,,,56.0,60.9,62.7,63.7,0.1,0.0,3.4,0.0,,,,True,True,True,True,True,True,True,False,0.92
2026-05-26 06:22:58,SMOKE,10,81.0,87.7,89.9,91.1,57.2,22.1,25.0,1.0,,,,77.1,83.5,85.6,86.6,57.2,22.1,24.9,1.0,,,,3.9,4.2,4.3,4.5,0.0,0.0,0.1,0.0,,,,24.8,26.5,26.9,27.1,57.1,22.1,21.6,1.0,,,,56.2,61.2,63.0,64.0,0.1,0.0,3.4,0.0,,,,True,True,True,True,True,True,True,False,0.92
2026-05-26 06:22:59,SMOKE,10,81.6,88.3,90.6,91.7,57.1,22.1,25.0,1.0,,,,77.6,84.0,86.1,87.2,57.2,22.1,24.9,1.0,,,,4.0,4.3,4.5,4.5,-0.1,0.0,0.1,0.0,,,,25.0,26.8,27.2,27.4,57.1,22.1,21.6,1.0,,,,56.6,61.5,63.4,64.3,0.0,0.0,3.4,0.0,,,,True,True,True,True,True,True,True,False,0.92
2026-05-26 06:23:00,SMOKE,10,82.1,88.9,91.2,92.4,57.1,22.1,25.0,1.0,,,,78.1,84.5,86.7,87.8,57.2,22.1,25.0,1.0,,,,4.0,4.4,4.5,4.6,-0.1,0.0,0.0,0.0,,,,25.3,27.0,27.4,27.6,57.1,22.1,21.7,1.0,,,,56.8,61.9,63.8,64.8,0.0,0.0,3.3,0.0,,,,True,True,True,True,True,True,True,False,0.92
2026-05-26 06:23:01,SMOKE,10,82.6,89.4,91.7,92.9,57.1,22.1,25.0,1.0,,,,78.6,85.1,87.3,88.4,57.2,22.1,25.0,1.0,,,,4.0,4.3,4.4,4.5,-0.1,0.0,0.0,0.0,,,,25.5,27.3,27.7,27.9,57.1,22.1,21.7,1.0,,,,57.1,62.1,64.0,65.0,0.0,0.0,3.3,0.0,,,,True,True,True,True,True,True,True,False,0.92
2026-05-26 06:23:02,SMOKE,10,83.1,90.0,92.3,93.5,57.1,22.1,25.0,1.0,,,,79.2,85.7,87.9,89.0,57.2,22.1,25.0,1.0,,,,3.9,4.3,4.4,4.5,-0.1,0.0,0.0,0.0,,,,25.8,27.6,28.0,28.2,57.1,22.1,21.7,1.0,,,,57.3,62.4,64.3,65.3,0.0,0.0,3.3,0.0,,,,True,True,True,True,True,True,True,False,0.92
2026-05-26 06:23:03,SMOKE,10,83.5,90.5,92.8,94.0,57.1,22.1,25.0,1.0,,,,79.7,86.3,88.5,89.6,57.2,22.1,25.0,1.0,,,,3.8,4.2,4.3,4.4,-0.1,0.0,0.0,0.0,,,,26.0,27.8,28.3,28.5,57.1,22.1,21.7,1.0,,,,57.5,62.7,64.5,65.5,0.0,0.0,3.3,0.0,,,,True,True,True,True,True,True,True,False,0.92
2026-05-26 06:23:05,SMOKE,10,83.8,90.8,93.1,94.3,57.1,22.1,25.0,1.0,,,,80.3,86.9,89.1,90.2,57.2,22.1,25.0,1.0,,,,3.5,3.9,4.0,4.1,-0.1,0.0,0.0,0.0,,,,26.3,28.1,28.6,28.8,57.1,22.1,21.7,1.0,,,,57.5,62.7,64.5,65.5,0.0,0.0,3.3,0.0,,,,True,True,True,True,True,True,True,False,0.92
2026-05-26 06:23:06,SMOKE,10,84.0,91.0,93.4,94.6,57.1,22.1,26.0,1.0,,,,80.8,87.4,89.6,90.8,57.1,22.1,25.0,1.0,,,,3.2,3.6,3.8,3.8,0.0,0.0,1.0,0.0,,,,26.5,28.4,28.8,29.1,57.1,22.1,21.7,1.0,,,,57.5,62.6,64.6,65.5,0.0,0.0,4.3,0.0,,,,True,True,True,True,True,True,True,False,0.92
2026-05-26 06:23:07,SMOKE,10,84.3,91.3,93.7,94.9,57.1,22.1,26.0,1.0,,,,81.2,87.9,90.2,91.3,57.1,22.1,25.1,1.0,,,,3.1,3.4,3.5,3.6,0.0,0.0,0.9,0.0,,,,26.8,28.7,29.1,29.4,57.1,22.1,21.7,1.0,,,,57.5,62.6,64.6,65.5,0.0,0.0,4.3,0.0,,,,True,True,True,True,True,True,True,False,0.92
2026-05-26 06:23:08,SMOKE,10,84.5,91.5,93.9,95.2,57.2,22.1,26.0,1.0,,,,81.7,88.4,90.7,91.9,57.1,22.1,25.1,1.0,,,,2.8,3.1,3.2,3.3,0.1,0.0,0.9,0.0,,,,27.1,28.9,29.4,29.7,57.1,22.1,21.8,1.0,,,,57.4,62.6,64.5,65.5,0.1,0.0,4.2,0.0,,,,True,True,True,True,True,True,True,False,0.92
2026-05-26 06:23:09,SMOKE,10,84.8,91.9,94.3,95.5,57.2,22.1,26.0,1.0,,,,82.1,88.9,91.2,92.4,57.1,22.1,25.2,1.0,,,,2.7,3.0,3.1,3.1,0.1,0.0,0.8,0.0,,,,27.3,29.2,29.7,29.9,57.1,22.1,21.8,1.0,,,,57.5,62.7,64.6,65.6,0.1,0.0,4.2,0.0,,,,True,True,True,True,True,True,True,False,0.92
2026-05-26 06:23:10,SMOKE,10,85.2,92.3,94.7,96.0,57.2,22.1,26.0,1.0,,,,82.5,89.4,91.7,92.9,57.1,22.1,25.3,1.0,,,,2.7,2.9,3.0,3.1,0.1,0.0,0.7,0.0,,,,27.6,29.5,30.0,30.2,57.1,22.1,21.8,1.0,,,,57.6,62.8,64.7,65.8,0.1,0.0,4.2,0.0,,,,True,True,True,True,True,True,True,False,0.92
2026-05-26 06:23:11,SMOKE,10,85.4,92.5,94.9,96.2,57.2,22.1,26.0,1.0,,,,82.9,89.8,92.1,93.3,57.1,22.1,25.4,1.0,,,,2.5,2.7,2.8,2.9,0.1,0.0,0.6,0.0,,,,27.8,29.8,30.3,30.5,57.1,22.1,21.8,1.0,,,,57.6,62.7,64.6,65.7,0.1,0.0,4.2,0.0,,,,True,True,True,True,True,True,True,False,0.92
2026-05-26 06:23:12,SMOKE,10,85.6,92.8,95.3,96.5,57.2,22.1,26.0,1.0,,,,83.3,90.2,92.6,93.8,57.1,22.1,25.4,1.0,,,,2.3,2.6,2.7,2.7,0.1,0.0,0.6,0.0,,,,28.1,30.1,30.6,30.8,57.1,22.1,21.8,1.0,,,,57.5,62.7,64.7,65.7,0.1,0.0,4.2,0.0,,,,True,True,True,True,True,True,True,False,0.92
2026-05-26 06:23:13,SMOKE,10,85.8,93.0,95.5,96.7,57.2,22.1,26.0,1.0,,,,83.7,90.6,93.0,94.2,57.1,22.1,25.5,1.0,,,,2.1,2.4,2.5,2.5,0.1,0.0,0.5,0.0,,,,28.3,30.4,30.9,31.1,57.1,22.1,21.8,1.0,,,,57.5,62.6,64.6,65.6,0.1,0.0,4.2,0.0,,,,True,True,True,True,True,True,True,False,0.92
2026-05-26 06:23:14,SMOKE,10,86.1,93.3,95.8,97.1,57.2,22.1,26.0,1.0,,,,84.0,91.0,93.4,94.6,57.1,22.1,25.6,1.0,,,,2.1,2.3,2.4,2.5,0.1,0.0,0.4,0.0,,,,28.6,30.6,31.2,31.4,57.1,22.1,21.9,1.0,,,,57.5,62.7,64.6,65.7,0.1,0.0,4.1,0.0,,,,True,True,True,True,True,True,True,False,0.92
2026-05-26 06:23:15,SMOKE,10,86.3,93.5,96.1,97.3,57.2,22.1,26.0,1.0,,,,84.3,91.4,93.8,95.0,57.1,22.1,25.6,1.0,,,,2.0,2.1,2.3,2.3,0.1,0.0,0.4,0.0,,,,28.9,30.9,31.4,31.7,57.1,22.1,21.9,1.0,,,,57.4,62.6,64.7,65.6,0.1,0.0,4.1,0.0,,,,True,True,True,True,True,True,True,False,0.92
2026-05-26 06:23:16,SMOKE,10,86.4,93.8,96.3,97.6,57.2,22.1,26.0,1.0,,,,84.6,91.7,94.1,95.3,57.2,22.1,25.7,1.0,,,,1.8,2.1,2.2,2.3,0.0,0.0,0.3,0.0,,,,29.1,31.2,31.7,32.0,57.1,22.1,21.9,1.0,,,,57.3,62.6,64.6,65.6,0.1,0.0,4.1,0.0,,,,True,True,True,True,True,True,True,False,0.92
2026-05-26 06:23:17,SMOKE,10,86.4,93.8,96.3,97.7,57.2,22.1,26.0,1.0,,,,84.9,92.0,94.4,95.7,57.2,22.1,25.8,1.0,,,,1.5,1.8,1.9,2.0,0.0,0.0,0.2,0.0,,,,29.4,31.5,32.0,32.3,57.1,22.1,21.9,1.0,,,,57.0,62.3,64.3,65.4,0.1,0.0,4.1,0.0,,,,True,True,True,True,True,True,True,False,0.92
2026-05-26 06:23:18,SMOKE,10,86.2,93.5,96.1,97.4,57.2,22.1,26.0,1.0,,,,85.1,92.3,94.7,96.0,57.2,22.1,25.9,1.0,,,,1.1,1.2,1.4,1.4,0.0,0.0,0.1,0.0,,,,29.7,31.8,32.3,32.6,57.1,22.1,21.9,1.0,,,,56.5,61.7,63.8,64.8,0.1,0.0,4.1,0.0,,,,True,True,True,True,True,True,True,False,0.92
2026-05-26 06:23:19,SMOKE,10,85.8,93.1,95.7,97.0,57.2,22.1,26.0,1.0,,,,85.3,92.5,95.0,96.2,57.2,22.1,25.9,1.0,,,,0.5,0.6,0.7,0.8,0.0,0.0,0.1,0.0,,,,29.9,32.1,32.6,32.9,57.1,22.1,21.9,1.0,,,,55.9,61.0,63.1,64.1,0.1,0.0,4.1,0.0,,,,True,True,True,True,True,True,True,False,0.92
2026-05-26 06:23:20,SMOKE,10,85.3,92.7,95.3,96.6,57.2,22.1,26.0,1.0,,,,85.5,92.7,95.1,96.4,57.2,22.1,26.0,1.0,,,,-0.2,0.0,0.2,0.2,0.0,0.0,0.0,0.0,,,,30.2,32.3,32.9,33.2,57.1,22.1,22.0,1.0,,,,55.1,60.4,62.4,63.4,0.1,0.0,4.0,0.0,,,,True,True,True,True,True,True,True,False,0.92
2026-05-26 06:23:21,SMOKE,9,84.9,92.3,94.9,96.2,57.2,22.1,26.0,1.0,,,,85.6,92.8,95.3,96.5,57.2,22.1,26.0,1.0,,,,-0.7,-0.5,-0.4,-0.3,0.0,0.0,0.0,0.0,,,,30.4,32.6,33.2,33.5,57.1,22.1,22.0,1.0,,,,54.5,59.7,61.7,62.7,0.1,0.0,4.0,0.0,,,,True,True,True,True,True,True,False,False,0.92
2026-05-26 06:23:22,SMOKE,10,84.5,91.8,94.4,95.7,57.2,22.1,26.0,1.0,,,,85.6,92.9,95.4,96.6,57.2,22.1,26.0,1.0,,,,-1.1,-1.1,-1.0,-0.9,0.0,0.0,0.0,0.0,,,,30.7,32.9,33.5,33.8,57.1,22.1,22.0,1.0,,,,53.8,58.9,60.9,61.9,0.1,0.0,4.0,0.0,,,,True,True,True,True,True,True,True,False,0.92
2026-05-26 06:23:23,SMOKE,10,84.0,91.3,94.0,95.3,57.2,22.1,26.0,1.0,,,,85.6,92.9,95.4,96.7,57.2,22.1,26.0,1.0,,,,-1.6,-1.6,-1.4,-1.4,0.0,0.0,0.0,0.0,,,,30.9,33.2,33.8,34.1,57.1,22.1,22.0,1.0,,,,53.1,58.1,60.2,61.2,0.1,0.0,4.0,0.0,,,,True,True,True,True,True,True,True,False,0.92
2026-05-26 06:23:24,SMOKE,9,83.6,91.0,93.7,95.0,57.2,22.1,26.0,1.0,,,,85.6,92.8,95.4,96.7,57.2,22.1,26.0,1.0,,,,-2.0,-1.8,-1.7,-1.7,0.0,0.0,0.0,0.0,,,,31.2,33.5,34.1,34.4,57.1,22.1,22.0,1.0,,,,52.4,57.5,59.6,60.6,0.1,0.0,4.0,0.0,,,,True,True,True,True,True,True,False,False,0.92
2026-05-26 06:23:25,SMOKE,9,83.3,90.6,93.3,94.7,57.2,22.1,26.0,1.0,,,,85.5,92.7,95.3,96.6,57.2,22.1,26.0,1.0,,,,-2.2,-2.1,-2.0,-1.9,0.0,0.0,0.0,0.0,,,,31.5,33.7,34.3,34.7,57.1,22.1,22.0,1.0,,,,51.8,56.9,59.0,60.0,0.1,0.0,4.0,0.0,,,,True,True,True,True,True,True,False,False,0.92
2026-05-26 06:23:26,SMOKE,9,82.7,90.0,92.8,94.2,57.2,22.1,26.0,1.0,,,,85.3,92.6,95.2,96.5,57.2,22.1,26.0,1.0,,,,-2.6,-2.6,-2.4,-2.3,0.0,0.0,0.0,0.0,,,,31.7,34.0,34.6,34.9,57.1,22.1,22.1,1.0,,,,51.0,56.0,58.2,59.3,0.1,0.0,3.9,0.0,,,,True,True,True,True,True,True,False,False,0.92
2026-05-26 06:23:27,SMOKE,9,82.2,89.6,92.3,93.7,57.2,22.1,27.0,1.0,,,,85.1,92.4,95.0,96.3,57.2,22.1,26.0,1.0,,,,-2.9,-2.8,-2.7,-2.6,0.0,0.0,1.0,0.0,,,,32.0,34.3,34.9,35.2,57.1,22.1,22.1,1.0,,,,50.2,55.3,57.4,58.5,0.1,0.0,4.9,0.0,,,,True,True,True,True,True,True,False,False,0.92
2026-05-26 06:23:28,SMOKE,9,81.8,89.1,91.8,93.2,57.2,22.1,27.0,1.0,,,,84.8,92.2,94.8,96.1,57.2,22.1,26.1,1.0,,,,-3.0,-3.1,-3.0,-2.9,0.0,0.0,0.9,0.0,,,,32.2,34.6,35.2,35.5,57.1,22.1,22.1,1.0,,,,49.6,54.5,56.6,57.7,0.1,0.0,4.9,0.0,,,,True,True,True,True,True,True,False,False,0.92
2026-05-26 06:23:29,SMOKE,9,81.2,88.5,91.2,92.6,57.2,22.1,27.0,1.0,,,,84.5,91.9,94.5,95.8,57.2,22.1,26.1,1.0,,,,-3.3,-3.4,-3.3,-3.2,0.0,0.0,0.9,0.0,,,,32.4,34.8,35.5,35.8,57.1,22.1,22.1,1.0,,,,48.8,53.7,55.7,56.8,0.1,0.0,4.9,0.0,,,,True,True,True,True,True,True,False,False,0.92
2026-05-26 06:23:30,SMOKE,9,80.8,88.0,90.7,92.1,57.2,22.1,27.0,1.0,,,,84.2,91.5,94.1,95.5,57.2,22.1,26.2,1.0,,,,-3.4,-3.5,-3.4,-3.4,0.0,0.0,0.8,0.0,,,,32.7,35.1,35.7,36.1,57.1,22.1,22.1,1.0,,,,48.1,52.9,55.0,56.0,0.1,0.0,4.9,0.0,,,,True,True,True,True,True,True,False,False,0.92
2026-05-26 06:23:31,SMOKE,9,80.3,87.4,90.1,91.5,57.2,22.1,27.0,1.0,,,,83.8,91.1,93.8,95.1,57.2,22.1,26.3,1.0,,,,-3.5,-3.7,-3.7,-3.6,0.0,0.0,0.7,0.0,,,,32.9,35.4,36.0,36.4,57.1,22.1,22.2,1.0,,,,47.4,52.0,54.1,55.1,0.1,0.0,4.8,0.0,,,,True,True,True,True,True,True,False,False,0.92
2026-05-26 06:23:32,SMOKE,9,79.8,86.9,89.5,90.9,57.2,22.1,27.0,1.0,,,,83.3,90.6,93.3,94.7,57.2,22.1,26.4,1.0,,,,-3.5,-3.7,-3.8,-3.8,0.0,0.0,0.6,0.0,,,,33.2,35.6,36.3,36.6,57.1,22.1,22.2,1.0,,,,46.6,51.3,53.2,54.3,0.1,0.0,4.8,0.0,,,,True,True,True,True,True,True,False,False,0.92
2026-05-26 06:23:33,SMOKE,9,79.3,86.4,89.0,90.3,57.2,22.1,27.0,1.0,,,,82.9,90.2,92.8,94.2,57.2,22.1,26.4,1.0,,,,-3.6,-3.8,-3.8,-3.9,0.0,0.0,0.6,0.0,,,,33.4,35.9,36.6,36.9,57.1,22.1,22.2,1.0,,,,45.9,50.5,52.4,53.4,0.1,0.0,4.8,0.0,,,,True,True,True,True,True,True,False,False,0.92
2026-05-26 06:23:34,SMOKE,9,78.7,85.8,88.4,89.7,57.2,22.1,27.0,1.0,,,,82.4,89.7,92.4,93.7,57.2,22.1,26.5,1.0,,,,-3.7,-3.9,-4.0,-4.0,0.0,0.0,0.5,0.0,,,,33.6,36.1,36.8,37.2,57.1,22.1,22.2,1.0,,,,45.1,49.7,51.6,52.5,0.1,0.0,4.8,0.0,,,,True,True,True,True,True,True,False,False,0.92
2026-05-26 06:23:35,SMOKE,9,78.2,85.2,87.8,89.1,57.2,22.1,27.0,1.0,,,,81.9,89.2,91.9,93.2,57.2,22.1,26.6,1.0,,,,-3.7,-4.0,-4.1,-4.1,0.0,0.0,0.4,0.0,,,,33.9,36.4,37.1,37.5,57.1,22.1,22.2,1.0,,,,44.3,48.8,50.7,51.6,0.1,0.0,4.8,0.0,,,,True,True,True,True,True,True,False,False,0.92
2026-05-26 06:23:36,SMOKE,9,77.7,84.6,87.2,88.5,57.2,22.1,27.0,1.0,,,,81.5,88.7,91.4,92.7,57.2,22.1,26.6,1.0,,,,-3.8,-4.1,-4.2,-4.2,0.0,0.0,0.4,0.0,,,,34.1,36.6,37.4,37.7,57.1,22.1,22.3,1.0,,,,43.6,48.0,49.8,50.8,0.1,0.0,4.7,0.0,,,,True,True,True,True,True,True,False,False,0.92
2026-05-26 06:23:37,SMOKE,9,77.2,84.1,86.6,87.9,57.2,22.1,27.0,1.0,,,,81.0,88.2,90.8,92.2,57.2,22.1,26.7,1.0,,,,-3.8,-4.1,-4.2,-4.3,0.0,0.0,0.3,0.0,,,,34.3,36.9,37.6,38.0,57.1,22.1,22.3,1.0,,,,42.9,47.2,49.0,49.9,0.1,0.0,4.7,0.0,,,,True,True,True,True,True,True,False,False,0.92
2026-05-26 06:23:38,SMOKE,9,76.7,83.6,86.1,87.4,57.2,22.1,27.0,1.0,,,,80.5,87.7,90.3,91.7,57.2,22.1,26.8,1.0,,,,-3.8,-4.1,-4.2,-4.3,0.0,0.0,0.2,0.0,,,,34.6,37.2,37.9,38.3,57.1,22.1,22.3,1.0,,,,42.1,46.4,48.2,49.1,0.1,0.0,4.7,0.0,,,,True,True,True,True,True,True,False,False,0.92
2026-05-26 06:23:39,SMOKE,9,76.4,83.2,85.7,87.0,57.2,22.1,27.0,1.0,,,,80.0,87.1,89.8,91.1,57.2,22.1,26.9,1.0,,,,-3.6,-3.9,-4.1,-4.1,0.0,0.0,0.1,0.0,,,,34.8,37.4,38.1,38.5,57.1,22.1,22.3,1.0,,,,41.6,45.8,47.6,48.5,0.1,0.0,4.7,0.0,,,,True,True,True,True,True,True,False,False,0.92
2026-05-26 06:23:40,SMOKE,9,76.0,82.8,85.2,86.5,57.2,22.1,27.0,1.0,,,,79.5,86.6,89.2,90.6,57.2,22.1,26.9,1.0,,,,-3.5,-3.8,-4.0,-4.1,0.0,0.0,0.1,0.0,,,,35.0,37.7,38.4,38.8,57.1,22.1,22.3,1.0,,,,41.0,45.1,46.8,47.7,0.1,0.0,4.7,0.0,,,,True,True,True,True,True,True,False,False,0.92
2026-05-26 06:23:41,SMOKE,9,75.6,82.3,84.8,86.0,57.2,22.1,27.0,1.0,,,,79.0,86.1,88.7,90.0,57.2,22.1,27.0,1.0,,,,-3.4,-3.8,-3.9,-4.0,0.0,0.0,0.0,0.0,,,,35.3,37.9,38.7,39.0,57.1,22.1,22.4,1.0,,,,40.3,44.4,46.1,47.0,0.1,0.0,4.6,0.0,,,,True,True,True,True,True,True,False,False,0.92
2026-05-26 06:23:43,SMOKE,9,75.1,81.8,84.2,85.5,57.2,22.1,27.0,1.0,,,,78.5,85.6,88.1,89.5,57.2,22.1,27.0,1.0,,,,-3.4,-3.8,-3.9,-4.0,0.0,0.0,0.0,0.0,,,,35.5,38.1,38.9,39.3,57.1,22.1,22.4,1.0,,,,39.6,43.7,45.3,46.2,0.1,0.0,4.6,0.0,,,,True,True,True,True,True,True,False,False,0.92
2026-05-26 06:23:44,SMOKE,9,74.5,81.1,83.6,84.8,57.2,22.1,27.0,1.0,,,,78.1,85.0,87.6,88.9,57.2,22.1,27.0,1.0,,,,-3.6,-3.9,-4.0,-4.1,0.0,0.0,0.0,0.0,,,,35.7,38.4,39.2,39.6,57.1,22.1,22.4,1.0,,,,38.8,42.7,44.4,45.2,0.1,0.0,4.6,0.0,,,,True,True,True,True,True,True,False,False,0.92
2026-05-26 06:23:45,SMOKE,9,73.9,80.4,82.8,84.1,57.2,22.1,27.0,1.0,,,,77.6,84.5,87.1,88.4,57.2,22.1,27.0,1.0,,,,-3.7,-4.1,-4.3,-4.3,0.0,0.0,0.0,0.0,,,,35.9,38.6,39.4,39.8,57.1,22.1,22.4,1.0,,,,38.0,41.8,43.4,44.3,0.1,0.0,4.6,0.0,,,,True,True,True,True,True,True,False,False,0.92
2026-05-26 06:23:46,SMOKE,9,73.3,79.8,82.2,83.5,57.2,22.1,27.0,1.0,,,,77.1,84.0,86.5,87.8,57.2,22.1,27.0,1.0,,,,-3.8,-4.2,-4.3,-4.3,0.0,0.0,0.0,0.0,,,,36.1,38.9,39.7,40.1,57.1,22.1,22.4,1.0,,,,37.2,40.9,42.5,43.4,0.1,0.0,4.6,0.0,,,,True,True,True,True,True,True,False,False,0.92
2026-05-26 06:23:47,SMOKE,9,72.8,79.2,81.6,82.8,57.2,22.1,27.0,1.0,,,,76.6,83.4,85.9,87.2,57.2,22.1,27.0,1.0,,,,-3.8,-4.2,-4.3,-4.4,0.0,0.0,0.0,0.0,,,,36.4,39.1,39.9,40.3,57.1,22.1,22.5,1.0,,,,36.4,40.1,41.7,42.5,0.1,0.0,4.5,0.0,,,,True,True,True,True,True,True,False,False,0.92
2026-05-26 06:23:48,SMOKE,9,72.2,78.6,80.9,82.2,57.2,22.1,27.0,1.0,,,,76.1,82.9,85.4,86.6,57.2,22.1,27.0,1.0,,,,-3.9,-4.3,-4.5,-4.4,0.0,0.0,0.0,0.0,,,,36.6,39.3,40.1,40.6,57.1,22.1,22.5,1.0,,,,35.6,39.3,40.8,41.6,0.1,0.0,4.5,0.0,,,,True,True,True,True,True,True,False,False,0.92
2026-05-26 06:23:49,SMOKE,9,71.7,78.1,80.4,81.6,57.2,22.1,27.0,1.0,,,,75.6,82.3,84.8,86.1,57.2,22.1,27.0,1.0,,,,-3.9,-4.2,-4.4,-4.5,0.0,0.0,0.0,0.0,,,,36.8,39.6,40.4,40.8,57.1,22.1,22.5,1.0,,,,34.9,38.5,40.0,40.8,0.1,0.0,4.5,0.0,,,,True,True,True,True,True,True,False,False,0.92
2026-05-26 06:23:50,SMOKE,9,71.0,77.3,79.6,80.8,57.2,22.1,27.0,1.0,,,,75.1,81.8,84.2,85.5,57.2,22.1,27.0,1.0,,,,-4.1,-4.5,-4.6,-4.7,0.0,0.0,0.0,0.0,,,,37.0,39.8,40.6,41.0,57.1,22.1,22.5,1.0,,,,34.0,37.5,39.0,39.8,0.1,0.0,4.5,0.0,,,,True,True,True,True,True,True,False,False,0.92
2026-05-26 06:23:51,SMOKE,9,69.6,75.8,78.2,79.3,57.2,22.1,27.0,1.0,,,,74.6,81.2,83.6,84.9,57.2,22.1,27.0,1.0,,,,-5.0,-5.4,-5.4,-5.6,0.0,0.0,0.0,0.0,,,,37.2,40.0,40.9,41.3,57.1,22.1,22.5,1.0,,,,32.4,35.8,37.3,38.0,0.1,0.0,4.5,0.0,,,,True,True,True,True,True,True,False,False,0.92
2026-05-26 06:23:52,SMOKE,9,68.6,74.7,77.0,78.2,57.2,22.1,27.0,1.0,,,,74.0,80.6,83.0,84.2,57.2,22.1,27.0,1.0,,,,-5.4,-5.9,-6.0,-6.0,0.0,0.0,0.0,0.0,,,,37.4,40.3,41.1,41.5,57.1,22.1,22.6,1.0,,,,31.2,34.4,35.9,36.7,0.1,0.0,4.4,0.0,,,,True,True,True,True,True,True,False,False,0.92
2026-05-26 06:23:53,SMOKE,9,67.5,73.6,75.8,77.0,57.2,22.1,27.0,1.0,,,,73.4,79.9,82.3,83.5,57.2,22.1,27.0,1.0,,,,-5.9,-6.3,-6.5,-6.5,0.0,0.0,0.0,0.0,,,,37.6,40.5,41.3,41.8,57.1,22.1,22.6,1.0,,,,29.9,33.1,34.5,35.2,0.1,0.0,4.4,0.0,,,,True,True,True,True,True,True,False,False,0.92
2026-05-26 06:23:54,SMOKE,9,66.1,72.0,74.2,75.3,57.2,22.1,27.0,1.0,,,,72.7,79.2,81.6,82.8,57.2,22.1,27.0,1.0,,,,-6.6,-7.2,-7.4,-7.5,0.0,0.0,0.0,0.0,,,,37.8,40.7,41.6,42.0,57.1,22.1,22.6,1.0,,,,28.3,31.3,32.6,33.3,0.1,0.0,4.4,0.0,,,,True,True,True,True,True,True,False,False,0.92
2026-05-26 06:23:55,SMOKE,9,64.2,70.0,72.1,73.2,57.2,22.1,27.0,1.0,,,,72.0,78.4,80.8,82.0,57.2,22.1,27.0,1.0,,,,-7.8,-8.4,-8.7,-8.8,0.0,0.0,0.0,0.0,,,,38.0,40.9,41.8,42.2,57.1,22.1,22.6,1.0,,,,26.2,29.1,30.3,31.0,0.1,0.0,4.4,0.0,,,,True,True,True,True,True,True,False,False,0.92
2026-05-26 06:23:56,SMOKE,9,61.9,67.4,69.5,70.5,57.2,22.1,27.0,1.0,,,,71.2,77.5,79.8,81.0,57.2,22.1,27.0,1.0,,,,-9.3,-10.1,-10.3,-10.5,0.0,0.0,0.0,0.0,,,,38.2,41.1,42.0,42.4,57.1,22.1,22.6,1.0,,,,23.7,26.3,27.5,28.1,0.1,0.0,4.4,0.0,,,,True,True,True,True,True,True,False,False,0.92
2026-05-26 06:23:57,SMOKE,9,60.4,65.8,67.8,68.8,57.2,22.1,27.0,1.0,,,,70.2,76.4,78.7,79.9,57.2,22.1,27.0,1.0,,,,-9.8,-10.6,-10.9,-11.1,0.0,0.0,0.0,0.0,,,,38.4,41.3,42.2,42.6,57.1,22.1,22.7,1.0,,,,22.0,24.5,25.6,26.2,0.1,0.0,4.3,0.0,,,,True,True,True,True,True,True,False,False,0.92
2026-05-26 06:23:58,SMOKE,9,59.4,64.7,66.7,67.7,57.2,22.1,27.0,1.0,,,,69.1,75.3,77.5,78.7,57.2,22.1,27.0,1.0,,,,-9.7,-10.6,-10.8,-11.0,0.0,0.0,0.0,0.0,,,,38.6,41.5,42.4,42.8,57.1,22.1,22.7,1.0,,,,20.8,23.2,24.3,24.9,0.1,0.0,4.3,0.0,,,,True,True,True,True,True,True,False,False,0.92
2026-05-26 06:23:59,SMOKE,9,58.7,63.9,65.9,66.9,57.2,22.1,27.0,1.0,,,,68.0,74.1,76.3,77.5,57.2,22.1,27.0,1.0,,,,-9.3,-10.2,-10.4,-10.6,0.0,0.0,0.0,0.0,,,,38.7,41.7,42.6,43.0,57.1,22.1,22.7,1.0,,,,20.0,22.2,23.3,23.9,0.1,0.0,4.3,0.0,,,,True,True,True,True,True,True,False,False,0.92
2026-05-26 06:24:00,SMOKE,9,58.1,63.3,65.2,66.2,57.2,22.1,27.0,1.0,,,,67.0,72.9,75.1,76.3,57.2,22.1,27.0,1.0,,,,-8.9,-9.6,-9.9,-10.1,0.0,0.0,0.0,0.0,,,,38.9,41.9,42.8,43.2,57.1,22.1,22.7,1.0,,,,19.2,21.4,22.4,23.0,0.1,0.0,4.3,0.0,,,,True,True,True,True,True,True,False,False,0.92
2026-05-26 06:24:01,SMOKE,9,57.8,62.9,64.8,65.8,57.2,22.1,27.0,1.0,,,,65.9,71.7,73.9,75.0,57.2,22.1,27.0,1.0,,,,-8.1,-8.8,-9.1,-9.2,0.0,0.0,0.0,0.0,,,,39.1,42.1,43.0,43.4,57.1,22.1,22.7,1.0,,,,18.7,20.8,21.8,22.4,0.1,0.0,4.3,0.0,,,,True,True,True,True,True,True,False,False,0.92
2026-05-26 06:24:02,SMOKE,9,57.4,62.5,64.4,65.3,57.2,22.1,27.0,1.0,,,,64.8,70.6,72.7,73.8,57.2,22.1,27.0,1.0,,,,-7.4,-8.1,-8.3,-8.5,0.0,0.0,0.0,0.0,,,,39.3,42.3,43.2,43.6,57.1,22.1,22.8,1.0,,,,18.1,20.2,21.2,21.7,0.1,0.0,4.2,0.0,,,,True,True,True,True,True,True,False,False,0.92
2026-05-26 06:24:03,SMOKE,7,57.1,62.2,64.1,65.0,57.2,22.1,27.0,1.0,,,,63.7,69.4,71.5,72.6,57.2,22.1,27.0,1.0,,,,-6.6,-7.2,-7.4,-7.6,0.0,0.0,0.0,0.0,,,,39.4,42.5,43.4,43.8,57.1,22.1,22.8,1.0,,,,17.7,19.7,20.7,21.2,0.1,0.0,4.2,0.0,,,,True,True,True,True,False,True,False,False,0.92
2026-05-26 06:24:04,SMOKE,7,56.8,61.9,63.7,64.7,57.2,22.1,27.0,1.0,,,,62.7,68.3,70.4,71.4,57.2,22.1,27.0,1.0,,,,-5.9,-6.4,-6.7,-6.7,0.0,0.0,0.0,0.0,,,,39.6,42.6,43.5,44.0,57.1,22.1,22.8,1.0,,,,17.2,19.3,20.2,20.7,0.1,0.0,4.2,0.0,,,,True,True,True,True,False,True,False,False,0.92
2026-05-26 06:24:05,SMOKE,5,56.6,61.6,63.4,64.4,57.2,22.1,27.0,1.0,,,,61.7,67.2,69.2,70.3,57.2,22.1,27.0,1.0,,,,-5.1,-5.6,-5.8,-5.9,0.0,0.0,0.0,0.0,,,,39.7,42.8,43.7,44.2,57.1,22.1,22.8,1.0,,,,16.9,18.8,19.7,20.2,0.1,0.0,4.2,0.0,,,,True,True,True,False,False,True,False,False,0.92
2026-05-26 06:24:06,SMOKE,5,56.4,61.4,63.2,64.2,57.2,22.1,27.0,1.0,,,,60.8,66.2,68.2,69.2,57.2,22.1,27.0,1.0,,,,-4.4,-4.8,-5.0,-5.0,0.0,0.0,0.0,0.0,,,,39.9,43.0,43.9,44.4,57.1,22.1,22.8,1.0,,,,16.5,18.4,19.3,19.8,0.1,0.0,4.2,0.0,,,,True,True,True,False,False,True,False,False,0.92
2026-05-26 06:24:07,SMOKE,5,56.2,61.2,63.0,63.9,57.2,22.1,27.0,1.0,,,,59.9,65.2,67.2,68.2,57.2,22.1,27.0,1.0,,,,-3.7,-4.0,-4.2,-4.3,0.0,0.0,0.0,0.0,,,,40.1,43.2,44.1,44.6,57.1,22.1,22.9,1.0,,,,16.1,18.0,18.9,19.3,0.1,0.0,4.1,0.0,,,,True,True,True,False,False,True,False,False,0.92
2026-05-26 06:24:08,SMOKE,5,56.1,61.0,62.8,63.7,57.2,22.1,27.0,1.0,,,,59.1,64.3,66.3,67.3,57.2,22.1,27.0,1.0,,,,-3.0,-3.3,-3.5,-3.6,0.0,0.0,0.0,0.0,,,,40.2,43.3,44.3,44.8,57.1,22.1,22.9,1.0,,,,15.9,17.7,18.5,18.9,0.1,0.0,4.1,0.0,,,,True,True,True,False,False,True,False,False,0.92
2026-05-26 06:24:09,SMOKE,5,55.8,60.7,62.5,63.4,57.2,22.1,27.0,1.0,,,,58.4,63.6,65.5,66.5,57.2,22.1,27.0,1.0,,,,-2.6,-2.9,-3.0,-3.1,0.0,0.0,0.0,0.0,,,,40.4,43.5,44.5,45.0,57.1,22.1,22.9,1.0,,,,15.4,17.2,18.0,18.4,0.1,0.0,4.1,0.0,,,,True,True,True,False,False,True,False,False,0.92
2026-05-26 06:24:10,SMOKE,5,55.2,60.0,61.8,62.6,57.2,22.1,27.0,1.0,,,,57.8,62.9,64.8,65.8,57.2,22.1,27.0,1.0,,,,-2.6,-2.9,-3.0,-3.2,0.0,0.0,0.0,0.0,,,,40.6,43.7,44.7,45.1,57.1,22.1,22.9,1.0,,,,14.6,16.3,17.1,17.5,0.1,0.0,4.1,0.0,,,,True,True,True,False,False,True,False,False,0.92
2026-05-26 06:24:11,SMOKE,6,55.0,59.7,61.4,62.3,57.2,22.1,27.0,1.0,,,,57.3,62.4,64.2,65.2,57.2,22.1,27.0,1.0,,,,-2.3,-2.7,-2.8,-2.9,0.0,0.0,0.0,0.0,,,,40.7,43.9,44.8,45.3,57.1,22.1,22.9,1.0,,,,14.3,15.8,16.6,17.0,0.1,0.0,4.1,0.0,,,,True,True,True,False,False,True,True,False,0.92
2026-05-26 06:24:12,SMOKE,5,54.6,59.4,61.1,61.9,57.2,22.1,27.0,1.0,,,,56.9,61.9,63.8,64.7,57.2,22.1,27.0,1.0,,,,-2.3,-2.5,-2.7,-2.8,0.0,0.0,0.0,0.0,,,,40.9,44.1,45.0,45.5,57.1,22.1,23.0,1.0,,,,13.7,15.3,16.1,16.4,0.1,0.0,4.0,0.0,,,,True,True,True,False,False,True,False,False,0.92
2026-05-26 06:24:13,SMOKE,6,54.3,59.0,60.6,61.5,57.2,22.1,27.0,1.0,,,,56.6,61.6,63.4,64.3,57.2,22.1,27.0,1.0,,,,-2.3,-2.6,-2.8,-2.8,0.0,0.0,0.0,0.0,,,,41.0,44.2,45.2,45.7,57.1,22.1,23.0,1.0,,,,13.3,14.8,15.4,15.8,0.1,0.0,4.0,0.0,,,,True,True,True,False,False,True,True,False,0.92
2026-05-26 06:24:14,SMOKE,5,53.9,58.6,60.2,61.1,57.2,22.1,27.0,1.0,,,,56.2,61.2,63.0,63.9,57.2,22.1,27.0,1.0,,,,-2.3,-2.6,-2.8,-2.8,0.0,0.0,0.0,0.0,,,,41.2,44.4,45.4,45.9,57.1,22.1,23.0,1.0,,,,12.7,14.2,14.8,15.2,0.1,0.0,4.0,0.0,,,,True,True,True,False,False,True,False,False,0.92
2026-05-26 06:24:15,SMOKE,5,53.3,58.0,59.6,60.4,57.2,22.1,27.0,1.0,,,,55.9,60.9,62.6,63.6,57.2,22.1,27.0,1.0,,,,-2.6,-2.9,-3.0,-3.2,0.0,0.0,0.0,0.0,,,,41.4,44.6,45.5,46.0,57.1,22.1,23.0,1.0,,,,11.9,13.4,14.1,14.4,0.1,0.0,4.0,0.0,,,,True,True,True,False,False,True,False,False,0.92
2026-05-26 06:24:16,SMOKE,5,52.7,57.3,58.9,59.7,57.2,22.1,27.0,1.0,,,,55.6,60.5,62.3,63.2,57.2,22.1,27.0,1.0,,,,-2.9,-3.2,-3.4,-3.5,0.0,0.0,0.0,0.0,,,,41.5,44.7,45.7,46.2,57.1,22.1,23.0,1.0,,,,11.2,12.6,13.2,13.5,0.1,0.0,4.0,0.0,,,,True,True,True,False,False,True,False,False,0.92
2026-05-26 06:24:17,SMOKE,6,52.1,56.6,58.2,59.0,57.2,22.1,27.0,1.0,,,,55.3,60.1,61.9,62.8,57.2,22.1,27.0,1.0,,,,-3.2,-3.5,-3.7,-3.8,0.0,0.0,0.0,0.0,,,,41.7,44.9,45.9,46.4,57.1,22.1,23.1,1.0,,,,10.4,11.7,12.3,12.6,0.1,0.0,3.9,0.0,,,,True,True,True,False,False,True,True,False,0.92
2026-05-26 06:24:18,SMOKE,5,51.5,56.0,57.6,58.4,57.2,22.1,27.0,1.0,,,,54.9,59.7,61.5,62.3,57.2,22.1,27.0,1.0,,,,-3.4,-3.7,-3.9,-3.9,0.0,0.0,0.0,0.0,,,,41.8,45.1,46.1,46.6,57.1,22.1,23.1,1.0,,,,9.7,10.9,11.5,11.8,0.1,0.0,3.9,0.0,,,,True,True,True,False,False,True,False,False,0.92
2026-05-26 06:24:19,SMOKE,6,51.1,55.5,57.1,57.9,57.2,22.1,27.0,1.0,,,,54.6,59.3,61.0,61.9,57.2,22.1,27.0,1.0,,,,-3.5,-3.8,-3.9,-4.0,0.0,0.0,0.0,0.0,,,,42.0,45.2,46.2,46.7,57.1,22.1,23.1,1.0,,,,9.1,10.3,10.9,11.2,0.1,0.0,3.9,0.0,,,,True,True,True,False,False,True,True,False,0.92
2026-05-26 06:24:20,SMOKE,5,50.6,55.0,56.5,57.3,57.2,22.1,27.0,1.0,,,,54.2,58.9,60.6,61.4,57.2,22.1,27.0,1.0,,,,-3.6,-3.9,-4.1,-4.1,0.0,0.0,0.0,0.0,,,,42.1,45.4,46.4,46.9,57.1,22.1,23.1,1.0,,,,8.5,9.6,10.1,10.4,0.1,0.0,3.9,0.0,,,,True,True,True,False,False,True,False,False,0.92
2026-05-26 06:24:22,SMOKE,6,50.0,54.3,55.8,56.5,57.2,22.1,27.0,1.0,,,,53.7,58.4,60.1,60.9,57.2,22.1,27.0,1.0,,,,-3.7,-4.1,-4.3,-4.4,0.0,0.0,0.0,0.0,,,,42.2,45.5,46.5,47.1,57.1,22.1,23.1,1.0,,,,7.8,8.8,9.3,9.4,0.1,0.0,3.9,0.0,,,,True,True,True,False,False,True,True,False,0.92
2026-05-26 06:24:23,SMOKE,6,49.5,53.7,55.1,55.9,57.2,22.1,27.0,1.0,,,,53.3,57.9,59.6,60.4,57.2,22.1,27.0,1.0,,,,-3.8,-4.2,-4.5,-4.5,0.0,0.0,0.0,0.0,,,,42.4,45.7,46.7,47.2,57.1,22.1,23.2,1.0,,,,7.1,8.0,8.4,8.7,0.1,0.0,3.8,0.0,,,,True,True,True,False,False,True,True,False,0.92
2026-05-26 06:24:24,SMOKE,6,48.9,53.0,54.5,55.2,57.2,22.1,27.0,1.0,,,,52.8,57.4,59.0,59.9,57.2,22.1,27.0,1.0,,,,-3.9,-4.4,-4.5,-4.7,0.0,0.0,0.0,0.0,,,,42.5,45.8,46.9,47.4,57.1,22.1,23.2,1.0,,,,6.4,7.2,7.6,7.8,0.1,0.0,3.8,0.0,,,,True,True,True,False,False,True,True,False,0.92
2026-05-26 06:24:25,SMOKE,6,48.4,52.5,54.0,54.7,57.2,22.1,27.0,1.0,,,,52.3,56.9,58.5,59.3,57.2,22.1,27.0,1.0,,,,-3.9,-4.4,-4.5,-4.6,0.0,0.0,0.0,0.0,,,,42.7,46.0,47.0,47.5,57.1,22.1,23.2,1.0,,,,5.7,6.5,7.0,7.2,0.1,0.0,3.8,0.0,,,,True,True,True,False,False,True,True,False,0.92
2026-05-26 06:24:26,SMOKE,6,48.0,52.1,53.5,54.2,57.2,22.1,27.0,1.0,,,,51.9,56.3,57.9,58.7,57.2,22.1,27.0,1.0,,,,-3.9,-4.2,-4.4,-4.5,0.0,0.0,0.0,0.0,,,,42.8,46.1,47.2,47.7,57.1,22.1,23.2,1.0,,,,5.2,6.0,6.3,6.5,0.1,0.0,3.8,0.0,,,,True,True,True,False,False,True,True,False,0.92
2026-05-26 06:24:27,SMOKE,6,47.6,51.6,53.0,53.7,57.2,22.1,27.0,1.0,,,,51.4,55.8,57.3,58.1,57.2,22.1,27.0,1.0,,,,-3.8,-4.2,-4.3,-4.4,0.0,0.0,0.0,0.0,,,,42.9,46.3,47.3,47.9,57.1,22.1,23.2,1.0,,,,4.7,5.3,5.7,5.8,0.1,0.0,3.8,0.0,,,,True,True,True,False,False,True,True,False,0.92
2026-05-26 06:24:28,SMOKE,5,47.1,51.1,52.5,53.2,57.2,22.1,27.0,1.0,,,,50.9,55.2,56.8,57.5,57.2,22.1,27.0,1.0,,,,-3.8,-4.1,-4.3,-4.3,0.0,0.0,0.0,0.0,,,,43.1,46.4,47.5,48.0,57.1,22.1,23.3,1.0,,,,4.0,4.7,5.0,5.2,0.1,0.0,3.7,0.0,,,,True,True,True,False,False,False,True,False,0.92
2026-05-26 06:24:29,SMOKE,5,46.7,50.6,52.0,52.7,57.2,22.1,27.0,1.0,,,,50.3,54.7,56.2,56.9,57.2,22.1,27.0,1.0,,,,-3.6,-4.1,-4.2,-4.2,0.0,0.0,0.0,0.0,,,,43.2,46.6,47.6,48.2,57.1,22.1,23.3,1.0,,,,3.5,4.0,4.4,4.5,0.1,0.0,3.7,0.0,,,,True,True,True,False,False,False,True,False,0.92
2026-05-26 06:30:19,SMOKE,5,26.1,28.0,28.6,28.9,58.3,22.1,32.0,1.0,,,,24.6,26.4,26.8,27.1,58.3,22.1,31.6,1.0,,,,1.5,1.6,1.8,1.8,0.0,0.0,0.4,0.0,,,,22.9,24.8,25.3,25.6,57.7,22.0,27.8,1.0,,,,3.2,3.2,3.3,3.3,0.6,0.1,4.2,0.0,,,,True,True,True,False,False,False,True,False,0.93
2026-05-26 06:30:21,SMOKE,5,26.3,28.3,28.9,29.2,58.3,22.1,33.0,1.0,,,,24.7,26.5,27.0,27.3,58.3,22.1,31.6,1.0,,,,1.6,1.8,1.9,1.9,0.0,0.0,1.4,0.0,,,,22.9,24.7,25.3,25.6,57.7,22.0,27.8,1.0,,,,3.4,3.6,3.6,3.6,0.6,0.1,5.2,0.0,,,,True,True,True,False,False,False,True,False,0.93
2026-05-26 06:30:23,SMOKE,5,26.4,28.5,29.1,29.4,58.2,22.1,33.0,1.0,,,,24.9,26.7,27.2,27.5,58.3,22.1,31.8,1.0,,,,1.5,1.8,1.9,1.9,-0.1,0.0,1.2,0.0,,,,22.9,24.7,25.3,25.6,57.7,22.0,27.8,1.0,,,,3.5,3.8,3.8,3.8,0.5,0.1,5.2,0.0,,,,True,True,True,False,False,False,True,False,0.93
2026-05-26 06:30:24,SMOKE,5,26.6,28.6,29.3,29.6,58.2,22.1,33.0,1.0,,,,25.1,26.9,27.4,27.7,58.3,22.1,31.9,1.0,,,,1.5,1.7,1.9,1.9,-0.1,0.0,1.1,0.0,,,,22.9,24.7,25.3,25.6,57.7,22.0,27.8,1.0,,,,3.7,3.9,4.0,4.0,0.5,0.1,5.2,0.0,,,,True,True,True,False,False,False,True,False,0.93
2026-05-26 06:30:25,SMOKE,5,26.7,28.8,29.5,29.8,58.2,22.1,33.0,1.0,,,,25.2,27.1,27.7,27.9,58.3,22.1,32.1,1.0,,,,1.5,1.7,1.8,1.9,-0.1,0.0,0.9,0.0,,,,22.9,24.7,25.3,25.6,57.7,22.0,27.8,1.0,,,,3.8,4.1,4.2,4.2,0.5,0.1,5.2,0.0,,,,True,True,True,False,False,False,True,False,0.93
2026-05-26 06:30:26,SMOKE,5,26.8,28.9,29.6,30.0,58.2,22.1,33.0,1.0,,,,25.4,27.3,27.9,28.2,58.3,22.1,32.2,1.0,,,,1.4,1.6,1.7,1.8,-0.1,0.0,0.8,0.0,,,,22.8,24.7,25.2,25.5,57.7,22.0,27.9,1.0,,,,4.0,4.2,4.4,4.5,0.5,0.1,5.1,0.0,,,,True,True,True,False,False,False,True,False,0.93
2026-05-26 06:30:27,SMOKE,5,26.8,29.0,29.7,30.0,58.2,22.1,33.0,1.0,,,,25.6,27.6,28.1,28.4,58.3,22.1,32.4,1.0,,,,1.2,1.4,1.6,1.6,-0.1,0.0,0.6,0.0,,,,22.8,24.7,25.2,25.5,57.7,22.0,27.9,1.0,,,,4.0,4.3,4.5,4.5,0.5,0.1,5.1,0.0,,,,True,True,True,False,False,False,True,False,0.92
2026-05-26 06:30:28,SMOKE,5,26.9,29.0,29.7,30.1,58.2,22.1,33.0,1.0,,,,25.8,27.8,28.4,28.7,58.3,22.1,32.4,1.0,,,,1.1,1.2,1.3,1.4,-0.1,0.0,0.6,0.0,,,,22.8,24.6,25.2,25.5,57.7,22.0,27.9,1.0,,,,4.1,4.4,4.5,4.6,0.5,0.1,5.1,0.0,,,,True,True,True,False,False,False,True,False,0.93
2026-05-26 06:30:29,SMOKE,5,26.8,29.0,29.6,30.0,58.2,22.1,33.0,1.0,,,,26.0,28.0,28.6,28.9,58.3,22.1,32.5,1.0,,,,0.8,1.0,1.0,1.1,-0.1,0.0,0.5,0.0,,,,22.8,24.6,25.2,25.5,57.7,22.0,27.9,1.0,,,,4.0,4.4,4.4,4.5,0.5,0.1,5.1,0.0,,,,True,True,True,False,False,False,True,False,0.92
2026-05-26 06:30:30,SMOKE,5,26.8,29.0,29.7,30.0,58.2,22.1,33.0,1.0,,,,26.2,28.2,28.8,29.1,58.2,22.1,32.6,1.0,,,,0.6,0.8,0.9,0.9,0.0,0.0,0.4,0.0,,,,22.8,24.6,25.2,25.5,57.7,22.0,27.9,1.0,,,,4.0,4.4,4.5,4.5,0.5,0.1,5.1,0.0,,,,True,True,True,False,False,False,True,False,0.92
2026-05-26 06:30:31,SMOKE,5,26.8,29.0,29.7,30.0,58.2,22.1,33.0,1.0,,,,26.3,28.4,29.0,29.3,58.2,22.1,32.6,1.0,,,,0.5,0.6,0.7,0.7,0.0,0.0,0.4,0.0,,,,22.8,24.6,25.2,25.5,57.7,22.0,28.0,1.0,,,,4.0,4.4,4.5,4.5,0.5,0.1,5.0,0.0,,,,True,True,True,False,False,False,True,False,0.92
2026-05-26 06:30:32,SMOKE,5,26.8,28.9,29.6,30.0,58.2,22.1,33.0,1.0,,,,26.4,28.5,29.2,29.5,58.2,22.1,32.7,1.0,,,,0.4,0.4,0.4,0.5,0.0,0.0,0.3,0.0,,,,22.8,24.6,25.2,25.5,57.7,22.0,28.0,1.0,,,,4.0,4.3,4.4,4.5,0.5,0.1,5.0,0.0,,,,True,True,True,False,False,False,True,False,0.93
2026-05-26 06:30:33,SMOKE,5,26.7,28.9,29.5,29.9,58.2,22.1,33.0,1.0,,,,26.5,28.6,29.3,29.6,58.2,22.1,32.8,1.0,,,,0.2,0.3,0.2,0.3,0.0,0.0,0.2,0.0,,,,22.8,24.6,25.2,25.4,57.7,22.0,28.0,1.0,,,,3.9,4.3,4.3,4.5,0.5,0.1,5.0,0.0,,,,True,True,True,False,False,False,True,False,0.92
2026-05-26 06:30:34,SMOKE,5,26.6,28.8,29.4,29.8,58.2,22.1,34.0,1.0,,,,26.6,28.7,29.4,29.7,58.2,22.1,32.9,1.0,,,,0.0,0.1,0.0,0.1,0.0,0.0,1.1,0.0,,,,22.8,24.6,25.1,25.4,57.8,22.0,28.0,1.0,,,,3.8,4.2,4.3,4.4,0.4,0.1,6.0,0.0,,,,True,True,True,False,False,False,True,False,0.92
2026-05-26 06:30:35,SMOKE,5,26.6,28.5,29.1,29.3,58.1,22.1,34.0,1.0,,,,26.7,28.8,29.4,29.8,58.2,22.1,33.0,1.0,,,,-0.1,-0.3,-0.3,-0.5,-0.1,0.0,1.0,0.0,,,,22.8,24.6,25.1,25.4,57.8,22.0,28.0,1.0,,,,3.8,3.9,4.0,3.9,0.3,0.1,6.0,0.0,,,,True,True,True,False,False,False,True,False,0.93
2026-05-26 06:30:36,SMOKE,5,26.5,28.4,28.8,29.0,58.1,22.1,34.0,1.0,,,,26.7,28.8,29.5,29.8,58.2,22.1,33.1,1.0,,,,-0.2,-0.4,-0.7,-0.8,-0.1,0.0,0.9,0.0,,,,22.8,24.6,25.1,25.4,57.8,22.0,28.1,1.0,,,,3.7,3.8,3.7,3.6,0.3,0.1,5.9,0.0,,,,True,True,True,False,False,False,True,False,0.93
2026-05-26 06:30:37,SMOKE,5,26.5,28.2,28.5,28.7,58.1,22.1,34.0,1.0,,,,26.7,28.8,29.4,29.8,58.2,22.1,33.2,1.0,,,,-0.2,-0.6,-0.9,-1.1,-0.1,0.0,0.8,0.0,,,,22.7,24.5,25.1,25.4,57.8,22.0,28.1,1.0,,,,3.8,3.7,3.4,3.3,0.3,0.1,5.9,0.0,,,,True,True,True,False,False,False,True,False,0.94
2026-05-26 06:30:38,SMOKE,5,26.3,28.0,28.4,28.6,58.1,22.1,34.0,1.0,,,,26.7,28.8,29.4,29.7,58.2,22.1,33.3,1.0,,,,-0.4,-0.8,-1.0,-1.1,-0.1,0.0,0.7,0.0,,,,22.7,24.5,25.1,25.4,57.8,22.0,28.1,1.0,,,,3.6,3.5,3.3,3.2,0.3,0.1,5.9,0.0,,,,True,True,True,False,False,False,True,False,0.94
2026-05-26 06:30:39,SMOKE,5,26.2,27.8,28.1,28.2,58.1,22.1,34.0,1.0,,,,26.7,28.7,29.3,29.7,58.2,22.1,33.4,1.0,,,,-0.5,-0.9,-1.2,-1.5,-0.1,0.0,0.6,0.0,,,,22.7,24.5,25.1,25.4,57.8,22.0,28.1,1.0,,,,3.5,3.3,3.0,2.8,0.3,0.1,5.9,0.0,,,,True,True,True,False,False,False,True,False,0.94
2026-05-26 06:30:40,SMOKE,5,26.1,27.6,27.8,28.0,58.1,22.1,34.0,1.0,,,,26.7,28.7,29.2,29.5,58.2,22.1,33.4,1.0,,,,-0.6,-1.1,-1.4,-1.5,-0.1,0.0,0.6,0.0,,,,22.7,24.5,25.1,25.4,57.8,22.0,28.2,1.0,,,,3.4,3.1,2.7,2.6,0.3,0.1,5.8,0.0,,,,True,True,True,False,False,False,True,False,0.95
2026-05-26 06:30:54,SMOKE,5,26.0,27.6,27.8,28.0,58.2,22.1,35.0,1.0,,,,25.9,27.4,27.6,27.7,58.1,22.1,34.4,1.0,,,,0.1,0.2,0.2,0.3,0.1,0.0,0.6,0.0,,,,22.7,24.5,25.0,25.3,57.8,22.0,28.5,1.0,,,,3.3,3.1,2.8,2.7,0.4,0.1,6.5,0.0,,,,True,True,True,False,False,False,True,False,0.94
